text_a	label
8.31号的机票订不了吗	20
值机二维码	3
可以替别人选座位吗	5
航班未开放选座什么意思？	5
更改语言	15
HU7825明天的航班取消了吗	15
常用联系人页面在哪儿	5
儿童购票政策怎样呢？	20
暂不支持手机值机，是啥意思？是时间没到还是不允许手机值机？	5
如何值机预留座位	5
国际航班想给两个人值机怎么办	5
删除原有用户证件认证	2
手机值机后，能在机场换到纸质登机牌吗	5
申请取消6月17深圳到上海的厦航值机	5
我想问一下，在这里选座后，去办理托运拿登机牌的时候座位和我选的是一样的吗	5
限制消费人员可以购买机票吗	20
厦门航空MF8571可以托运蜂蜜吗	17
国际航班能添加行程吗	0
怎么帮助他人办理值机	5
小孩能在手机上选座位吗？	5
春秋航空的行程找不到	0
我在美国能否查找美国境内的航班信息	0
取消预留座位	5
怎么查看帮别人的选座	5
为什么台湾通行证行程显示不出来	0
如何打开飞行模式	15
换手机了 忘记密码	2
无身份证怎么乘机	18
Ca1321航班无法值机	5
联程换飞机吗	7
怎样选座	5
机票得发票	13
不输卡号就不能选座吗？	5
离线模式怎么用	15
临时改签是不是很贵	15
没搞懂？啥意思	11
为什么预选座位被调？还要预选干什么呢？	5
行李转盘号查询	15
常用联系人怎么添加	5
怎样修改短信推送信息的手机号码	2
国际机票补开乘机凭证	13
值机没有座位	5
我早上的航班是否改过时间	15
打过真空的鸭子可以托运吗	17
.如何帮别人值机？	5
你好，非本人机票不能在线选座吗	5
我选完的座位被占用了	5
帮我查一下，我的机票订购了吗	0
如何获取行程单	13
你好，我已完成认证，怎么不能办理值机，点值机时为向又要求认证？	5
已值机还可以改座位吗	5
旅游团队票可以选座吗？谢谢	15
我值机的登机牌看不到怎么办	3
怎么值机	5
我能不能现在就选座位号	5
app不能顯示我的行程	0
我的行程为什么显示不出来	0
国行儿童值机	5
儿童办理值机显示失败	5
婴儿票	8
可以不托运的物品有哪些	17
你好！有电子登机牌了还可以打印纸质登记牌吗	3
请帮我取消值机	5
婴儿需要领取飞机票吗	8
还有一个朋友选不了座怎么办？	5
共享的航班能手机办理值机吗	5
我是9号凌晨40分从上海浦东机场起飞到布达佩斯航班什么时候可以手机值机选座	5
什么时候可以自助值机	15
我要在网上换登机牌	3
什么不能托运	17
国际航班饮料可以托运吗	17
充电的小电风扇和剃须刀可以托运吗	17
为什么儿童值机无法取消？	5
我可以在此软件上给其它同行人员选座吗？	5
怎么不可以呀选座位	5
座位信息在哪里？	5
怎么获取行程单？	13
如何无纸乘机	3
用身份证能查到航班嘛	0
选座的页面在哪里找	5
想查一下这个身份证啥时候起飞	10
2009年的行程看不到吗	0
地窝堡机场停车费怎样收取	8
婴儿坐飞机需要注意事项	8
20寸行李箱20kg以下可以不托运吗	17
照片在哪	15
只能添加自己的行程吗？	0
我要预约选座	5
证件信息更改	2
那我为什么只能选择3个	5
天津航空电话	1
同航班群	15
现在我们其它五人都一般好值机 就其中一名儿童无法办理值机 怎么办	5
电子机票怎么托运	3
改签	15
为什么选座时孩子不能同时选	5
哦，好的	6
怎样开具发票	13
无法查看电子登机牌	3
请问北部湾航空行礼多少公斤内免费	17
电子值机以后最晚几点可以过安检	15
我是不是该卸载航旅纵横呢？	11
手机选座后怎样修改？	5
用手机办理值机后，还可以办理行李托运吗？	17
取消手机值机	5
为什么孩子值不了机啊	5
如何用身份证号查询机票	0
添加成功的航线没有展示	0
在这里值机后还可以办理托运吗	17
无成人陪同儿童票怎么购买	5
请问平台上购机票是说没有行李免费托运额的，是不是就不能免费托运行李	17
航旅纵横为什么不能选座？	5
内地飞澳门，需要提前几小时到机场口	15
如何查询本人能不能买飞机票	20
为什么值机失败	5
注销账户受理	2
请问，可以帮我查一下我🈶机票记录吗	0
我想问一下，通过姓名和身份证号能查询航班信息吗？	0
飞机延误我需要按正常时间办理值机过安检吗	15
怎么添加其他人的身份信息	2
托运和办理登机牌需要提前多久	15
川航客户电话	1
网上值机后如何登机	5
你们有人工客服电话吗？	1
儿童同行人为什么不能值机	5
不能值机多人	5
这是我的登机牌，我想要机票发票，不知怎么办理？	13
可以查询多长时间没的订单	0
为什么上传的行程没有审核成功	0
支付参数异常	15
值机后可否更改座位	5
怎么看过去的航班	0
我的儿童已经取消值机了，为什么我的还是不能取消	5
怎么删除自己的证件啊	2
身份证过期一个月能直接正常登记吗	18
我要改签	15
为什么不支持选座	5
你好，常客卡有什么作用	19
哪些不能带上飞机	17
怎么把帐号注销掉呢	2
7.1号到贵州铜仁凤凰机场现在可以购票吗？	10
北京东航vip休息室电话	1
怎样用航旅纵横打印机票票据	13
可以购买延误险吗	15
航旅的客服电话？￼	1
我的行程单如何获取	13
可是朋友都往返预约值机好了啊，为啥我的返程不行？	5
改签航班	15
怎么预定儿童套餐	15
怎么换预定座位	5
收不到验证码	2
帮我注销账号	2
航班信息错误	10
常用联系人在哪删除	5
乘坐飞机休息注意事项	5
飞机延误值机时间会延后么	15
行李托运能托运酒吗	17
下面的机票为啥没显示	0
孕妇可以在网上订票嘛	8
您好，国泰航空公司登机牌找不到13位的数字购票单号，手动添加的行程是几年前的了，座位编号不知能否查出。	5
行程提取	0
我是第一次使用纵横购买机票，请问操作流程是什么？	20
身份证丢失咋登机	18
订错票但是二维码过安检了怎么取消座位	5
手机值机的二维码找不到了	5
添加乘客	5
航班取消值机记录取消不了	5
可以带雨伞托运吗？	17
怎么通过该软件帮别人选位置	5
网上值机以后还需要打印登机牌嘛	5
孩子证件为什么不能选座？	5
如何开发票	13
我5月27日乘坐航班飞往绵阳，现在需要补打发票，如何操作	13
座位预约	5
南航会员卡绑定	19
值机时间	15
加不了QQ	15
通知的行程就代表机票购买成功了么？	20
矿泉水托运重量	17
给别人选座	5
为什么查不到2018年以前的航程记录呢	0
怎么帮人值机	5
付费选座，如何取消	5
灰色的是选过吗	5
值机成功生成的二维码是干什么用的	3
我现在要几点之前到机场？	15
飞机上手机要不要关机？	8
机场轮椅服务	8
我们公司订的机票我现在个人买能买上同一个航班吗？	20
航旅纵横只能查询不能购买机票吗？	20
客票号中有字母怎么不对？	15
怎样帮同行人值机？	5
我没有值机，为什么自动值机了呢	5
电子登机牌怎样获得？	3
用航旅纵横APP给自己和家人选座值机，生成了一个二维码（登机牌），我们还需要换纸质登机牌吗？这样一个二维码，可以让我们同时过安检和登机嘛？我们不需要办理托运。	3
有毒吧	11
延误证明怎么开	15
认证一直审核中	2
飞行高度在哪里看的？	15
川航机会升舱在什么位置操作	4
去菲律宾买了往返机票，还需要什么	20
你好，我问一下，我绑定护照的时候显示英文名字和中文名字不符合，是什么原因。英文名字不就是中文的拼音吗？还需要加什么符号吗？	2
有个身份证号码注册不了	2
无免费托运额的机票，托运要多少钱一公斤	17
国际航空行李托运多少斤免费	17
机票改签之后没有显示，还是旧的信息。	0
请问春秋航空行程无法显示吗	0
注销账户 审核多久	2
为什么我的18年的行程，很多都没有显示	0
不可以选座？	5
你好，取消默认选坐怎么操作	5
预约完选座 还可以去柜台打印登机牌吗	5
我买了一张新加坡去印度尼西亚的机票没显示	0
帮我查一下航班	0
我填写的信息都对的，在保存时候，显示提示我非本人行程，不可值机	5
请问以前的行程能补登里程或者积分吗？	15
需要出租车发票	9
：换新护照信息怎么处理？	2
取消值机不成功，收不到短信验证怎么办	5
关注列表里的航班没了	0
请问如何取消值机	5
请问我的航旅纵横为什么定不了国际机票	20
如何购票	20
最早可以查到多早的行程	0
37  到45是机翼？	5
没有客服电话	1
因为修改座位问题投诉	5
如何修改已经认证的错误信息	2
已经通过网上值机，还可以去换取纸质登机牌吗？	5
托运可以带水乳么	17
你好，怎么样打印行程单	13
我选择座位后再次登录不显示有座位号	5
查机票价钱	20
我有一个值机想取消	5
我想问问宠物怎么托运	17
怎么查人家帮我订的机票。	0
可以先值机在纵横航旅上办，托运再到机场办吗	17
为何我不能值机？	5
请问如何办理升舱？	4
一直认证不了	2
机场雷达提取码	15
怎么才能避开机翼	5
请问如何进行手机送座，谢谢！	5
不能点购买机票	20
已出行的国际行程如何添加到我的航线图中呢？	0
如何上传身份证认证	2
孕妇乘机	8
如何查询预定的机票信息	20
旧护照的行程没有导入	0
同行小孩怎么选座	5
矿泉水可以托运吗	17
为什么把我的座位调换到10A	5
跟团飞机可以选座吗	5
老年人乘机	8
怎么开飞行模式	15
机票没有行程单号	13
怎么帮别人选座位	5
请问这个航班有免费行李托运吗？	17
有电子登机牌还需要办理纸质登机牌吗	3
你好我的号可以帮别人办理登机牌吗？	3
能不能查到朋友的飞机信息	0
为什么没有办法手动加入行程	0
请问付费选座订单在哪里	5
托运行李免费额度	17
在哪里添加同行人呢	5
东航可以值机吗	5
行程添加不上	0
我帮朋友怎么预约调座位	5
你好，护照订的行程为什么没有自动导入呢？	0
报销费用	13
我的为啥认证不了呢	2
托运狗狗多少钱	17
认证错误	2
无法手动添加行程，有报错	0
航班动态错误播报！！！！！	10
什么时候手机值机	5
请问我们有七人出行，怎么一次办理预约选座	5
我联系我的客服没人回答我卜	1
如何帮别人查询预订信息	0
但是航班延误太严重了，有事不能等，所以没有乘坐，怎么退票	15
我在2010年9月份乘机从厦门飞往郑州，为何行程上没有显示？	0
历史航班没有导入全	0
办理过值机的话，是否可以取消？	5
如何帮其他人买票	20
手机值机，我核对信息后确认，出现非本人行程，不可值机，这是为什么？	5
怎么邮寄行程单	13
你们这个可以打发票吗	13
国际间的航班不能显示？	0
值机时总显示乘机人已开启行程保护，这是为什么	5
你好，如何购买延误险	15
如何查看发票快递信息	13
如何买票	20
可以修改乘机人吗	5
我在飞机上拍的照片找不到。	15
需要签证吗	15
怎么办理常客卡	19
儿童座位怎么值机	5
既然不能保证我的座位，那你们提前预约值机有啥意思呢？我已经给朋友发送过座位了，现在岂不是很难看？	5
我添加行程的时候显示已存在，但是没法值机	0
全价机票怎么看	20
买票	20
我朋友给我买的机票，但是我这里差不了	20
添加行程要审核多久	0
怎么提前选座	5
你好，行李箱托运完坏了	8
为什么不能买机票	20
为什么现在我不能给其他人选座位	5
身份证没在身边如何取票，登机呢？	18
为什么值机不成功	5
怎样导出个人乘机凭证？谢谢了	13
链接超时返回重试	15
如何添加同行人	5
请问！别人有我身份证号能查到我的整个飞行记录吗？	0
最晚托运时间	15
更改认证	2
我近期有没有订够机票	0
我的值机怎么取消不了	5
eID要认证才能查询机票订单吗	0
选座位在哪儿？	5
我需要行李托运的电子发票	13
报销机票怎么打印	13
换了一个手机后，用户名登录不了，不知是帐户还是密码记错	2
网上值机如何托运行李？	17
你们有没有电话可以联系？	1
国航客服电话	1
临时登机这名	18
值机为什么无法获取仓位图	5
我的航班显示保护中	5
是怎么扫二维码过安检	5
飞机上的餐是怎么安排的	15
我想选座	5
为同行的人预约座位，为什么提醒不能重复预约	5
添加行程还没有加入	0
能帮我查下订单出票没吗	0
回答不能解决问题，急死了	11
我不用QQ	11
现在值机了又取消不了	5
拿户口本在哪里取票	3
祥鹏飞机行程显示吗	0
新手机号码也注册过，该方法无效	11
如何在APP里添加孩子的信息	5
值机是什么	5
有没有电话咨询	1
可不可以取消值机，重新办理	5
升舱发票	4
怎么添加国际航班信息	0
可以帮别人查看飞机票吗	0
9991956203992如何打印行程单	13
如何销户	2
我本人操作提示非本人无法值机，	5
海南航空人工客服电话	1
不是直达的航班为什么查不到	0
忘记航班，能查一下吗	0
经济舱可以选座  8A吗	5
护照认证时姓名填写错误如何修改	2
请问11岁的学生没有身份证可以搭乘飞机吗？	18
如何添加其他乘客的行程呢	0
帮我取消值机	5
身份认证被占用	2
查看小朋友的机票信息	0
为什么我设置显示英文名与中文名不一致	2
国泰航空行李托运超重多少钱一斤	17
你好 怎么选座位	5
办理延误证明	15
你好 我的东京飞上海的航班应该是2017年的 结果给我加到了2018年。还有上海飞兰州的已经审核过了 但是没加到行程列表里	0
不能为儿童值机吗	5
液体药品托运	17
怎样把软件分享给朋友	15
我乘座的南航cz8243没有提前值机吗	5
我的航班取消了，我临时升舱的钱什么时间退还	4
添加行程后，显示非本人行程，无法值机	5
为什么没有显示回程飞机行程	0
取消值机还可以重新选座位吗	5
如何取消手机值机	5
为什么值机后座位变化了	5
护照查询机票	0
什么时候才可以选座	5
可以开送机发票吗	9
哈尔滨机场哪里可以寄存东西	8
我明天回国的机票怎么看不到	0
怎么查看出港航班	0
当地时间7月5日s7418纳德姆飞莫斯科没有添加上呢？	0
你好，我同行人的二维码在哪	3
你好，我的护照换发以后要登记新的护照号	2
我只希望这个软件能完善些，我自己手动添加我还用这软件有什么用？，你们应该能给添加才好	11
怎样才知道已经开始选择座位了	5
QW6071航班什么时候开放值机？	5
我提问你不回答，叫啥客服？	11
实时选座如何添加同行人	5
不能为本人以为的三个人选座吗？	5
如果给儿童🧒买票	20
可以在线办理值机吗	5
已经出票了，手机不能值机是什么原因？	5
如果找人工服务啊	1
怎么认证	2
常用联系人页入口在哪里	5
认证护照英文姓名失败	2
电子行程单	13
外国人能用护照买机票吗	18
选座啥时候正式开放	5
化妆品托运有什么规定	17
更改证件号	2
你好   飞机托运充电宝三万毫安可以吗	17
认证时名字对，身份证号对，为什么说证件格式错误？	2
托运不能超过多少	17
同行的都能值机了，为什么我的不能，	5
登机的流程	5
手机可以开飞行模式么	15
怎样联系航空公司呢	1
电子登机牌怎么用	3
可以帮朋友出电子登机牌吗？	3
为何6号机票已出，没短信通知呢	0
我要报销	13
如何查询历史机票的全价	20
我要投诉你们	11
你个垃圾	11
更换预约座位	5
你好我有两个旅行箱一个背包可以免费托运吗	17
飞行轨迹怎么找不到了	0
为什么页面上没有预约选座	5
值机了怎么托运	17
如何办理电子登机牌	3
如何查看行程单	13
电子登机牌如何下载	3
然后取消选座	5
有小朋友一起，会有儿童餐吗	15
方便，有电话联系一下吗？	1
Pro版本下载	15
我帮同事值机，现在他想取消	5
我想找电子乘机牌在哪里能找到	3
可携带和不可携带规定	17
怎么用微信认证	2
我今天花土沟到西宁的机票，需要取消值机	5
只需要修改认证的身份证名字	2
学生的机票也可以在网络上购买吗？	20
用户名及密码忘记，无法认证	2
经济舱可托运行李多少斤	17
取消值机 会咋样	5
小孩买票的规定	20
购买机票的身份证过期	18
酒曲可以托运吗？	17
你好，机票改签你们的信息不更新吗？	0
如何在线选座	5
怀孕四个月的孕妇可以坐飞机嘛！需不需要什么证明	8
申请了几遍群都没通过啊	15
哪里预约座位	5
那个升舱想退订	4
请给我一个人工客服电话	1
我昨天换了6个人的登机牌，都退票了，全部取消了座位，但是只有一个人现在显示还没有取消选座，而且取消不了急死人了	5
能否在航旅纵横购机票？	20
我自己可以选坐，为何帮朋友选择，就这个提示	5
如何办理登机牌	3
哪里在线选座	5
可以骂人吗😓	11
取消行程	15
我怎么帮朋友升舱	4
转一下人工服务	1
如何预约WiFi	8
发票	13
小孩不能选座位吗	5
还是没有解决	11
如何值机国际航空	5
国际航班导入	0
手机值机姓名不对	2
怎么取消直机	5
今天航班怎么取消了	10
怎么选位置	5
国际航班酒水携带要求	17
怎么取儿童机票	3
身份证掉了怎么坐飞机	18
我为什么选不了座位？	5
请问飞香港可以在手机上值机选座吗	5
用护照号怎么查询航班	0
办理不了值机	5
姓名和证件号不符怎么修改	2
已经手动添加但还是无法显示	0
怎么我网上值机不行	5
选座上面有锁的图案	5
74岁的老人坐飞机有什么规定	8
为什么只能添加自己的行程？	0
行李托运费一公斤多少钱？	17
如何添加同行人？	5
不行	11
我想查我的机票动态	0
显示2011年之前的行程吗	0
为什么未来行程这里找不到	0
没订过的航班出现在航旅上了	0
值机添加其他乘客	5
可以为首都航空12岁小孩选座吗？	5
儿童乘机需要	8
已升级最新版本还是不能正常值机	5
国内航班可以提前多久在手机上值机？	5
改坐位是点取消直机吗？	5
飞机上能不能充电？	8
输入44+手机号 收不到验证码	2
亲	16
我要取消值机	5
航班保护如何取消值机	5
忘记密码，手机又更换了  怎么办	2
需要转人工	1
小孩子不能手机选座吗	5
为什么没有2011年以前的行程呢？	0
如何为儿童值机	5
座位信息找不到	5
纵横航旅这上边不能预定机票吗？	20
怎样查询电子登机牌	3
不能取消值机为什么	5
小横，你好！我买的春秋航空的机票，怎么没有显示？	0
2月15日，从西安到深圳的MF1114，如何打印登机牌？	3
我的行程没有出现在订单中	0
请问，2011年前的飞行纪录如何调取？	0
我们 同行 一起 三 个人 ， 一个人 为什么 选 不 了 位置 呢	5
添加港澳通行证	2
已经开放值机了 为什么我不能值机	5
预留座是什么意思？	5
值机二维码可以直接去安检口吗？	3
公务舱托运2件行李不超过30公斤即可，对吗？	17
为什么我办理不了手机值机了？	5
机场安检要求不能携带的行李	17
怎样取消值机	5
怎么打印行程单	13
怎么才知道开始选择座位了？	5
认证不了怎么办	2
请问公务舱的行李限额是多少？可托运几件行李？	17
我要删除过期护照	2
航空公司客服已经联系过了，因为是在航旅纵横app上值机选座的航空公司那边无法解决只能联系你们的	5
请问怎么增加别人的航班，为他人选座	5
坐飞机的注意事项	5
托运行李一个行李箱加一床棉被是不是免费	17
为什么无法办理值机	5
添加证件	2
查不到我的行程	0
你好，为什么预约值机时只能添加除自己以外的两位乘客？	5
婴儿乘机规定	8
如果别人给我订票，我手机完成值机后，别人还能不能退票	15
行李托运，随身带上飞机有何要求？	17
电子值机后可否去柜台办理行李托运	17
今天早上8点多，珠海飞乌鲁木齐的航班，延误到必点了	15
怎么给孩子买机票	20
身份证不见了可以用护照登机吗	18
订票在哪页面	20
我的机票怎么查不到	0
我用自己的手机替孩子购买了机票（北京至巴厘岛）怎么没办法值机啊？	5
为什么我的国际航班没有显示？	0
身份认证那个手机贴近为什么不行	2
更换身份认证	2
今天我没有行程为什么提示有行程	0
你说的界面没有可享服务页或行程详细页	0
怎么累计里程	15
选座被取消了	5
7.5号的8L9615什么时候值机呢	15
如何查询别人帮订航班信息	0
取消认证	2
还是不能解决问题啊	11
在飞猪网买的机票名字最后一个字输错了能改吗？	2
值机无法取消	5
为什么我的证件已经被其他人注册了呢？	2
托运时间	15
只有一段航班，为什么看不见我预约的情况了	5
订机票可以吗？	20
行程单上为什么有样例	13
新证件无法认证	2
我以前的行程为什么不显示	0
在哪选座	5
饿哦想从新选座	5
你好 请问值机了 就不要拿票登机了嘛	3
你好，我想问一下怎么能查别人的行程	0
为什么不显示我的订票信息	0
明白了	6
卷发棒可以随行李托运吗	17
我已经预约选座但是儿童不能预约怎么办	5
身份证号查询机票	0
如何订机票？	20
行李超重怎么收费的	17
为什么不能预约选座	5
怎么看挨着窗户	5
小孩无法添加为同行人怎么办？	5
为什么我国际航班没有显示	0
贵宾室	8
手机办理了电子登机牌，是否可以在自助机上打印纸质登机牌	3
晚上好	16
经济舱有餐饮服务嘛	15
我给同事选座位，手机号码输错怎样做更正	2
报销凭证怎么找？	13
可以为四人一起选座吗	5
能查询到谁给我买的机票吗	10
手机选座页在哪	5
怎么电话联系你们	1
取消注销	2
CA1139上有餐饭吗？	15
我买的中转航班，为什么第一程可以预约选座，第二程就不可以了	5
怎么订机票	20
选座位时，座位上带锁的是什么意思？	5
国际航班手机值机	5
您好，如何办理国际航班的值机？	5
查电子客票信息	15
行李额怎么购买	17
托运的行李箱 有体积要求吗	17
请问认证不通过是什么原因	2
我在智行上帮四位朋友买了四张机票～为什么不能先预约座位呢～	5
你好，儿童乘坐飞机已在航旅纵横上值机，柜台打印登机牌有没有截止时间？	15
hi	16
午餐	15
西部航空行李限额是多少	17
您好，机票如何付款	20
护肤品超过160ml可以托运吗	17
常用联系人怎么删除	5
有400电话吗？	1
认证的护照姓和名写反了怎么改	2
35排那两个位置有窗户吗	5
如何更改登机凭证邮箱	13
东方航空长沙飞上海，再从上海转机到日本，需要出机场安检再从新进国际航班吗	7
国际航班不显示	0
航旅纵横上只能选3个人的座位嘛	5
航旅纵横卖机票吗？	20
轮椅租赁	8
衮	11
我儿童值机取消了，为什么大人还不行	5
电子登机牌纸质登机牌	3
一个账号能给多少人值机选座	5
你好 请问行程上为什么会出现我没去过的地方？	0
手机值机如何添加同行人	5
为什么无法行程验真	0
可以在线选座吗	5
怎样选座？	5
我有明天下午13点40的HU489航班没有接到显示	0
国际航班提前多少时间到机场	15
能否添加别人的证件	2
为什么我自己选择不了值机？	5
手机值机提前多久到机场就可以	15
请问你们的客服电话是多少	1
航班上东西忘了还能找回来吗	8
明天的飞机怎么不能选座啊	5
如何多人选座	5
如何办理值机，未找到	5
认证的名字错误，需要取消重新认证怎么办	2
为什么认证了护照会有个删除键	2
我的认证问什么失败了呢	2
名字错了 怎么办	2
儿童乘机	8
我可以用这个平台给朋友预约座位吗	5
没有身份证怎么值机	18
机票验真当日上限	20
刚买了机票，怎么没有显示呀	0
不能在APP上买票吗	20
目前已经离开机场，可否快递？	8
如何添加港澳通行证	2
请问旅游团一起买的机票个人查询不了	0
如何提取2009年行程	0
怎么选取座位	5
澳洲手机号无法收到注册验证码	2
可以用护照登机吗？	18
航旅纵横PRo版怎么下载	15
如何删除已认证证件	2
首都航空电话多少	1
怎么报销？	13
请人工帮我取消值机	5
没有身份证可以乘机吗	18
无法添加行程	0
我定的8h4980机票，为什么不能手机值机，不能出电子登机牌	5
航班取消，取消值机	5
可以提前办理机票吗	15
我的证件要修改	2
你好，国际航班，手机选座不可以添加同行人吗	5
怎么定往返票	20
有氧舱	8
我想了解10号出发成都几号能选座	5
无法替家人选座	5
12岁以下儿童需要携带什么证件登机	18
选座位页面找不到，工具箱页面在哪里	5
有电话客服吗	1
怎么查自己的身份证是否订了机票	0
我最近的行程怎么查不到呢？	0
你好什么时候给我选的值机呀	15
已申请，已认证的账号可以申请注销吗	2
取消值机什么意思	5
你好，查航班状态在哪里查呢	0
选座功能在哪	5
亲，我的身份证有变动，我怎么更改	2
20寸的行李箱不用办理托运是么	17
怎么订票？	20
值机座位是否保留	5
飞行前多久不能登机	15
补打行程单	13
电子登机牌在哪里查看	3
请问波音738飞机什么位置是安全出口	5
预约位置可以更换吗？	5
我不能取消值机，怎么回事呢	5
2015年前的行程	0
请问怎么添加亚航行程	0
登机婴儿需要哪些证件	18
请问，从美国回中国，托运2件行李的重量是多少？谢谢您	17
你的机票没有显示 为什么	0
关闭行程保护还是无法值机	5
请问值机取消不了怎么回事	5
牛肉和盐可以托运吗？	17
东航客服电话号码是多少？	1
已经预约选座，也已经开放值机，为何还没有成功值机	5
为什么我预约值机只能值三个人呢？买了4张票	5
已预约座位8F	5
我添加的行程为什么都没有通过	0
删除已认证的证件	2
为什么查不到cA4102航班信息	0
选座橘色黄色	5
哪些证件可以乘坐飞机	18
选座在哪个页面	5
为什么不显示国际航班的行程？	0
可以选座吗	5
一个手机号只能认证一个证件吗	2
如何选座位	5
怎么查不到航班信息？	0
你好，通行5人，如何同时选座	5
请问身份证过期几天可以登机么？	18
请问如何查询我的订票信息？	0
水果可以托运吗？	17
东方航空怎么不能选座位吗？	5
可以大人先手机值机，儿童再去机场柜台办理值机吗	5
国际航班可以查吗？	0
报销发票在哪开	13
啥时可以选座	5
好的，知道了，谢谢您。	6
航旅客服电话	1
为什么改变我的值机座位	5
常用联系人的页面，在哪里？	5
我需要退机票	15
为什么我的所有认证都失败了	2
怎么帮同行孩子值机	5
不是讲3个工作日内可以查询到2011年后数据吗？，咋过了这么多天还是只看到2015年后的数据？	0
我的护照需要更改	2
起飞前多久停止检票	15
如何订餐？	15
我的行程为什么没有显示？	0
不能预约四川航空的国际航班值机吗	5
请问可以给别人值机吗	5
3张机票可以同时值机吗	5
为什么有的座位是锁定的	5
约车可以开发票吗	9
找不到 常用联系人 页	5
app闪退	15
为什么添加同行人总是提示证件格式错误？	2
为他人变更座位	5
以前的航班没有记录	0
如何预留座位？	5
我给别人选座了	5
您好 我想取消手机值机	5
东航支持电子值机吗	5
中国航空CA1239可以手机选座不	5
转人工服务	1
别人给自己买的机票可以查询吗	0
如何添加不同乘机人	5
首都航空沈阳到海口jd5222航班，没有免费托运行李，带行李怎么收费	17
请问由重庆飞北京航班可以托运酒吗	17
为什么我之前的行程有一部分没显示	0
东西忘了拿，在飞机上	8
无法看到常用联系人航班信息	0
8日飞机，是否现在可以选座位	5
预约选座能添加几人	5
怎么预选座位？	5
如何查别人帮定的国际机票	0
为什么我没有退票结果航旅纵横显示我已退票了	0
预约值机不成功	5
为什么有的行程不显示	0
儿童如何认证	2
哈喽你好	16
请问订票号码多少	20
我的问题是机票验真	20
怎么查别人是否帮我预定机票	0
如何查值机记录	0
托运行李，可以使用电子登机牌吗？	3
我们出行有6个人，我只能选三个人值机选座	5
电子客票号在哪？？	15
补办身份证	18
怎么查到已购买的机票	0
第一次使用怎么选座位，没看到工具箱	5
一般提前多久值机	15
瓶装白酒可以托运吗？	17
能帮我查到我是什么航空公司吗	10
从柏林到北京行李限额	17
机场热线多少	1
可以自己选座位吗	5
open票怎么使用	15
为什么我的证件号反馈无法认证	2
如何租车	8
一般靠近机翼的位子是几号	5
小孩在手机上能办值机吗	5
用手机号登陆，显示身份证已被其他账号登陆	2
托运的行李可以带所有的化妆品吗	17
查询一年订单	0
如何办理升舱？	4
加拿大航空可以在这个app上年值机么？	5
为什么我2013、2014年的行程数据没有！	0
怎样设置值机提醒	5
航班取消，如何取消原有值机？	5
国航的航班，儿童能办理值机吗	5
圆通快递，长春市高新技术开发区三佳新村B栋109单元13514413309朱立春	8
那个之前付了钱改签为什么机票显示提醒没变	0
我的行程已经使用了，为啥状态还是未使用	0
我的航旅纵横上怎么没有收到未来行程	0
身份证丢了，明天能上飞机吗	18
您好	16
如何打印登机牌？	3
什么时候可以值机	15
我的航班取消了，我要改签，但值机不能取消，不能改签	5
发票报销	13
怎么改座位	5
为什么值机选座显示开启保护	5
非本人行程不能值机？什么意思？	5
机票身份证号码对的名字不对能登机吗	20
港澳台托运需知	17
护照买的机票没有显示	5
身份证没有带	18
你好，我要值机的时候要连朋友的一起值机怎么办理	5
靠近安全门的位置可以值机吗？	5
国际航班可以在线值机吗？	5
出入境办理	15
怎么在线选位置	5
怎么取消值机	5
血栓患者能坐飞机吗	8
你好请问为什么境外航空公司的行程不会进入到航程记录里面呢？	0
如何删除常用联系人	5
亲亲	16
最晚的登机时间是什么时候	15
想问丽江飞西安天津航空公司可以免费托运行李	17
你们客服电话是多少呢？	1
国航手机值机后怎么没有二维码值机牌	3
托运行李收费吗	17
怎么查询保留机票信息	20
怎么可以给别人值机	5
接机发票	9
改名	2
app值机了还要打印登机牌么	3
我被莫名选了座位是怎么回事？	5
如何两个同行人一起办理值机	5
请问我有一个从深圳到重庆的航班为什么不能退改票？	15
怎么联系客服	1
HU7716什么时间开始值机	15
在app上怎么选座位	5
买了飞机票怎么没显示了	0
护照验证失败	2
如何删除认证的证件	2
你好，别人带我女儿（五岁儿童）乘坐飞机，女儿没办过身份证，只拿女儿的户口页可以登机吗？	18
HU7869有没有餐饮	15
鸡蛋能带上飞机或者托运吗	17
如果我在值机柜台直接升舱了 是不是就退款了	4
我有衣服忘在飞机上了？是否过几天能拿的回来？	8
为什么儿童不能提前预定座位	5
可以买票吗	20
我想问一下明天的ca409何时可以办理手机值机	5
紧急出口选座	5
自己的账号可以帮别人选座吗？	5
可以托运防晒喷雾吗？	17
我7月9号的航班 怎么不能手机值机	5
我需要客服电话	1
办理选座在哪	5
托运可以带多少液体	17
儿童已订机票查询	0
八十岁的老人可以坐飞机吗？	8
怎么添加不了同行人	5
需要人工服务	1
麻烦问下，预约值机是不是只能选两位同行人？	5
怎么添加同行旅客	5
怎么搜索机票后无法购买	20
成都双流国际机场直飞普吉岛可以网上值机吗	5
怎样买票	20
航班取消要改签。可是已经值机了改不了	5
选座取消不了	5
机票早已订好，但近期不慎脚受伤，我想申请地面轮椅，如何办理？	8
开不了发票啊	13
机票搜索	20
没有行李托运可以直接取票安检吗？	15
航旅纵横账号绑定的手机号不用了	2
机票如何选座	5
我的飞行路程为什么没春秋航空的？	0
您好，为什么我的航班不能选座位	5
差额发票可以补吗？	13
请问护发素可以托运吗？	17
航旅纵横的人工客服电话☎️？	1
工具箱手机选坐卡片在哪	5
身份证号是对的，就是名字最后一个字打错了，能改吗？	2
定好的机票查询	0
已经买票了	20
下载手机app后，进入哪个区域是选飞机座位的	5
麻烦客服更改账户信息，证件名称为刘玥，谢谢	2
飞机延误了	15
国际航班怎么没有显示	0
6月16号的飞机为何现在不能选座？	5
洗发水可以托运吗	17
Pro版在哪里下载	15
不能添加同行人值机	5
物品超重怎么办	17
十六周岁以下的儿童可以用户口本登记	18
厦门航空公司电话	1
中国国际航空公司国际航班行李限额多少公斤啊	17
不显示行程	0
我要人工客服，	1
值机管理中为何找不到值机记录	5
未来行程删掉了，怎么找回	0
好的，谢谢！	6
一年半前去澳大利亚的航程可以添加吗	0
你好，我是港澳通行证，认证里没有这一栏，只有港澳居民，我国内订票需要用通行证，现在只能选其它来认证，这个一直没通过，比较急	2
好谢谢	6
如何给未成年子女值机	5
太麻烦	11
如何将航旅纵横推荐给朋友	15
青岛流亭机场电话	1
提示系统异常	15
东方航空公司服务电话	1
不是值机牌哦，是打印行程单或发票，哪里打印	13
选座位什么时候开放	5
提前选座	5
报销凭证可以报销么	13
我知道可以用护照登机，但是在航旅纵横里面会显示用护照出行的明细吗	0
航班取消 无法取消值机怎么办？	5
儿童不能选座吗	5
预约座位可以值机吗？	5
为什么我的航旅纵横有别人的航班提示？	0
我最近购买了两趟飞机票，但只显示一趟可选座，后面的那趟如何选座？	20
得知飞机延误事可以晚到机场的？	10
第一次坐飞机	5
手机办理值机提前多长时间	15
请问我的里程上为什么没有显示	15
东航的随机行李体积	17
如何查看值机信息	5
为什么选不了座	5
连接超时	15
我的来回机票出来这么久也不显示出来	0
航班延误，如何取消值机	5
我没订今晚21点贵阳飞北京的机票，为什么总提示我有订单？	0
买机票名字错了身份证是对的	20
小孩怎么值机	5
显示该航班已取消	15
飞行记录	0
儿童户口本丢失怎么办理登记手续	18
网上选座位，怎样没有选座界面	5
这是什么回答	11
你好想注销此账号	2
值机选座选了三个人，还有好多人还没选，怎么添加？	5
为什么看不到行程	0
购买航班延误险怎么办理赔付	15
可以帮助朋友选择位置吗	5
值机取消不了这么办	5
怎么没选座位了？	5
改密码	2
超过100毫升的化妆品液体可以托运吗	17
请问，报销凭证是在机场打印还是发到登记的邮箱？	13
请问有人工服务电话吗？	1
认证频繁提示被其他账号注册	2
保险	15
儿童无法选座	5
怎么不能添加同行人？	5
客服电话号码多少	1
13位电子客票无法提取行程	0
临时登机证明	18
手动添加了行程。还是不显示？	0
我可以帮朋友选座或值机吗	5
哪里能看到电子登机牌	3
青岛航空可以手机值机吗	5
付费值机怎么取消	5
从哪了选座位	5
身份证丢了可以坐飞机吗	18
我的行程只有2018年的，其他的哪里去了？	0
值机选座怎么选不了	5
为什么小孩不能在App上值机？	5
你好，我有一个订单已经退票了，但为什么还一直显示未使用啊	0
上机流程	5
值机时所有显示绿色的座位都可以选吗？需要补钱吗？一般第一排至七排可以选吗？	5
你好，我的行程为什么没有啊	0
选座什么时候正式开放	5
为什么港澳台国际查不到票价	20
国航儿童不能在线值机吗	5
保险公司延误险	15
我在手机上值机了，到时候可以打印纸质登机牌么	5
好的谢谢了	6
手机值机后 是否可以改签？	15
去年的机票怎么打印报销凭证呢	13
如何给儿童选座	5
为什么我的航班自动值机了？	5
什么时候值机	15
mu786不能办值机	5
不支持手机选座	5
但是我忘记了以前的账号和密码	2
是人工客服吗	1
答非所问	11
在吗	16
你好 请问ipad可以托运吗	17
如何在线选座位	5
如何帮别人预约选座	5
身份证消磁能坐吗	2
如何选座位？	5
常用联系人在哪	5
选不能座位	5
你好，酒水托运	17
关闭值机服务，怎么取消值机	5
我巳预约座位成功，还需办理值机吗	5
值机只能帮同行两个人值机吗	5
打车发票问题	9
经停需要下飞机吗	7
添加联系人	5
我为什么在航旅纵横上不能够值机	5
請回电！	1
为什么现实已开放值机 但确提取不到我的行程	5
我给3个人值机了还有一个儿童为什么值机不行	5
我们同行人为什么值机不显示电子凳机牌	3
立刻投诉	11
怎样才能为多个同行人员值机	5
前提多长时间可以选座位	5
国际航班行程缺失	0
护照可以国内登机吗	18
帮别人值机后如何查看别人的电子行程单	5
我可以为同行程的其他人值机么？	5
MU551有午饭吗	15
回复太慢。QQ群是加不进去。	15
如何知道是否联程机票	7
武汉机场支持电子登机牌么	3
请问学生没有持户口簿可以在这个软件上办理值机业务吗？	5
坐飞机可以托运多少液体	17
如何切换离线模式	15
我想买张6月21日深圳到南京的票	20
怎么删除已有常用联系人	5
想取消预留座位如何操作	5
如何通过身份证查询航班信息？	0
免费拖运行李的重量是多少？	17
要提前多久可以付费升舱	4
取消值机	5
我需要报账，能不能把我的机票的电子发票发在我的QQ邮箱里？	13
最早提前多久订机票	20
可以用身份证查订单吗？	0
好的，谢谢	6
床上四件套能不能带上飞机	17
身份验证没有行程	0
8年前的飞行信息能查到吗	0
满16周岁的小孩可以做单独坐飞机吗？	5
牛奶可以托运?	17
东航飞机无法添加通行人选座	5
自动选了座位	5
儿童未领取身份证怎么验证身份呢？	18
预约座位可以吗	5
为什么我选不了，提示还未值机	5
怎么选座位，现在就要选	5
手机怎么办不了值机？	5
电子行程单最久多久下载	13
退票	15
我怎么不能选座	5
我的航班取消，重新补班，如何选座位	5
查询儿童旅程	0
我要办理值机，现在怎么办不了值机	5
你好，我在携程上订的机票，怎么导入进来选座	0
我想查下孩子的座位号	5
手机选座在哪	5
我的护照信息姓名反了	2
携带刚出生37的宝宝该如何值机	5
你好，小孩身份怎么认证	2
个人乘机凭证	13
行李多重托运	17
怎么成为VIP	5
我需要取消航班	15
证件姓名怎么修改	2
行李事故索赔	8
我的电子发票开错了，需要重新开怎么弄？	13
更换护照后如何办理证件认证	2
电子行程单在什么地方？	13
怎么订国际航班wifi	15
17岁的孩子可以单独乘坐飞机吗	5
不显示乘机凭证	13
不小心删除了行程	0
办理完值机手续后到机场是否可以办理行李托运业务？	17
怎么查询朋友的航班	0
胡文林的机票怎么取消值机	5
我先买票	20
如何更改已认证的信息	2
请问在哪里选座	5
相关错误是等我把验证码输完之后，进入下一步，结果显示，我的行程处于保护状态，我的详情不能被我自己查看。	5
在哪里可以查询自己的机票	0
如何提前选座	5
怎样添加随行人家值机选座	5
我需要行程单	13
行李破损	8
怎么查询订单	0
已经预约选座，离起飞还有一天了，怎么还没有确定座位	5
亚航行程未显示	0
有些行程没有显示	0
帮别人取消座位	5
怎样更改已选座位号	5
出你媽	11
手机值机后还需要打印登机牌吗？	5
怎么打印有单位抬头发票	13
重新选座显示不一致	5
可以打行程单吗	13
你好，我昨天去柬埔寨的航班为什么没有显示	0
别人帮定的票怎么查询	0
电磁炉可以托运嘛	17
费用报销	13
如何人工解答？	1
托运可以带液体多少毫升	17
退票怎么退不了	15
验证码超出限制	2
我每次认证都失败为什么？	2
为不同仓位他人选座。如何操作？	5
有没有纸质的报销凭证	13
请问6月20日MU2176张家口到上海的航班什么时间开始选座?	5
不能进行自己和同行人同时值机	5
穆斯林餐	15
我以前认证过，但是忘了密码，现在重新认证不了	2
预约值机	5
客服电话是多少？	1
如何值机成功	5
我现在要改签	15
你好，我们买的同一班航班，为什么没有他的航班和我我们有误呢	0
补打发票怎样	13
电子登机牌在哪里	3
电子值机牌可以直接登机么	3
延误证明	15
同行三人网上选坐，名字后面没有+号	5
临时身份证	18
我本人没有办理值机，但显示座位好听，取消值机后就不能直接办理了，怎么解决？	5
航空公司电话多少呢	1
深圳宝安机场+临时身份证办理	18
拍立得可以带上飞机吗	17
为什么我没免费行李？	17
我的行程记录 只有中国的。其他国家的记录。怎么找到	0
查询坐过的航班	0
您好，我泰航的行程怎么显示不了。	0
买机票多久可以选座	5
我明天的飞机怎么现在显示登机	10
飞机有Wi-Fi嘛	15
你好，为什么我能查到国内的行程，查不到国外的	0
为啥我手机值机选座点不了确定呢？	5
查询常用联系人航班信息	0
国际航班最多可以提前多久办理托运	15
你好请问为什么行李不给免费托运	17
添加了客票信息，说添加行程失败，是怎么回事呢？	0
换了护照，号码变了，如何更新？	2
为什我的手机无法值机	5
我要为别人值机 为什么没有+？	5
我的订单是否开始选座了	5
请问明天的6120航班为什么还不能值机？	5
福州航空行李托运收费标准是多少？	17
我可以为别人选座吗	5
He|l0，GS7900的经济仓，行李箱限额多少？谢谢！	17
我要退出值机	5
乘机凭证，发票	13
报销单据	13
我要补行程单	13
如何查看其他人的值机情况	5
服务电话	1
为什么我的座位号显示不出来	5
2011年前的行程能查看吗？	0
有人工咨询电话吗	1
请问婴儿几个月可以乘飞机	8
他人帮我买的机票，怎么查询	0
机翼是哪一排	5
行程丢失	0
值机完成，无法取消	5
如何订票	20
你们网站上能定机票吗	20
您好，如何取消值机	5
302422066找不到群	15
二维码在哪里	3
儿童乘机规定	8
港澳通行证能否订票	20
明天的航班，为什么我不能值机。谢谢你！	5
机票丢失怎么补办	3
GS7890航班行李限额	17
常用联系人在哪里修改	5
如何下载pro	15
登机牌补打	3
我想查一下2018年12月8日我乘坐的航班	0
怎么注销	2
能查看别人的航班吗	0
看全球飞机航线图	0
我的国际航班信息为什么没有显示	0
如何使用旅豆升仓	4
我已经买了值机，托运还可以办理吗	5
怎么打印报销单	13
带锁的座位是什么意思？	5
身份证丢失怎么乘机	18
修改姓名	2
国航也不行	11
婴儿车托运	17
接机服务发票开不出来	9
携带婴儿锁定座位	5
可以预定儿童餐吗	15
你懂個屁	11
自热小火锅可以托运么	17
无取消座位按钮	5
登记牌丢了无法报销怎么补打	13
证件已经被其他账号认证了	2
网上值机后，行李箱怎么办	17
亲在么	16
机场雷达	15
取消值机不成功	5
你好，别人帮我定的南方航空的机票我自己为什么查询不到	0
已经结束行程，却提示该行程尚未乘坐	0
没有订票为什么出现无效票？	0
我要取消值机，让我先取消孩子的，取消孩子，又说不让取消	5
好的👌	6
我的证件被其他人认证，我认证不了，怎么办？	2
更改不了座位怎么办？	5
机场停止办理值机	5
你好！七月二号，南苑机场KN2201次航班 行李限额是多少	17
今天HX791香港到马累的票可以升舱吗？价格是多少？	4
请问哪里拿发票报账	13
请问在其他平台上买的机票，可以在航旅纵横上值机吗？	5
80岁已上老人乘机有什么规定	8
帮别人值机，	5
您好，请问飞机票可以改签吗	15
国际托运行李重量？	17
你好，可以查到我一年前的国际航线信息吗	0
常用联系人添加	5
我2011兑换了提取码，没记下兑换码，我现在找不到了	14
乌龟如何办理托运	17
怎样查看机型座位图	5
通过你们约的接机和送机的发票怎么开	9
什么情况能把之前选好的座位换成其他座位	5
如何订票？	20
我怎么办不了值机？	5
瓶装酒可以托运吗	17
取消座位	5
为何无法值机，川航	5
兑换里程	15
怎么查看机票	20
能添加几个同行人？	5
如何查询两地间的飞行里程	15
人工服务没有吗	1
明天从马德里到西安的Mu264为什么还没法值机？	5
请问怎样查国际航班	0
行程查不到	0
怎么办理 二维码值机啊	3
中国联航电话	1
补打登机证明	13
你好 请问怎么取消送机服务订单？	9
提前7天买票	20
可以随身携带的行李	17
注销账户后多久可以申请账户？	2
先问一下怎么找不到订餐的窗口了？	15
我是在APP进行打车的、为何不能出发票	9
紧急出口座位怎么才能手机选座	5
为什么证件格式错误	2
开具发票	13
您好麻烦问一下，怎么添加好友的信息	5
我都不能办理值机什么情况	5
我已删除以前的朋友，现在怎么就只能添加一位旅客	5
国际机票验真	20
提取行程没看到	0
儿童怎么选座位？	5
以乘坐航班为什么显示还是未使用？	0
你们客服电话多少	1
儿童六岁，怎样值机？	5
怎么认证港澳通行证	2
如何提取电子客票号	15
你好，现在行程单是邮寄纸质的还是电子版的？	13
如何查询机票信息	20
取消值机还可以选座位么	5
护照没办法添加，总是提示英文与中文不符	2
行程如何放入钱包	3
转机时间和到达时间不少于多少小时	15
中转如何手机值机	7
手机值机，有电子登机牌还可以打印纸质版么	3
飞机上有无线网么	15
为什么预约值机和实际不一样	5
我想升舱	4
化妆品可以托运多少	17
儿童做飞机要带什么证件	18
如果行程改变，已购的机票多久时间内可以改签？	15
我的机票信息能帮我查询一下嘛	0
荷兰航空 托运要求	17
为什么我选不了坐往	5
新护照不需上传照片吗？	2
从国外回来乘坐国内的航班，值机的时候证件用身份证还是护照？	18
选定的座位取消之后还能再选择吗	5
提前多少时间去机场	15
如何找到常用联系人	5
我的认证显示失败	2
网上值机最早可以提前多久值机	5
怎么看已买的机票航班信息	0
可以查询别人有没有订机票吗	0
乌鲁木齐到阿拉山的飞机有没有 具体的时间有没有	10
我为什么不能选座位	5
为什么我的国际航班没有在行程里	0
还有就是在app上飞机选好座位了就是成功了吧	5
贵宾厅	8
如何查询订购的飞机票	20
热力图中我北京已点亮，为什么行程中没有该信息呢？	0
网上查机票姓名和身份证姓有误，怎么办	20
婴儿登记需要的证件？	18
好多座位全部带锁	5
同行人与主乘客是同航班但是不同舱位要怎么给公务舱的值机	5
人工服务	1
你好，请问别人在他下载的旅航纵横上帮我订过机票，他有我的身份证号码和名字，那在他的旅航纵横上是不是就可以查到我今后的行程记录呢？	0
软件可以选应急们通道的座位吗？我怎么无法选择	5
取消置机后可以重新置机不？	5
如何打电子发票	13
办理过电子值机，到机场停止值机，还可以打印登机牌吗？	5
开放选座时会给消息提醒吗？	5
热力图在哪	0
请问为何添加同行人选座时会显示说仓位等级不同	5
在航旅纵横可以买机票吗？	20
泰国狮航可以值机选座吗	5
我的航班为什么不可以值机选座位	5
如何取消联系人	5
我想办值机选位置时，怎么能在加一人	5
别人帮我选座之后，我要改签怎么办	15
怎么进行为他人选座？	5
预订机票	20
怎么没有选坐功能了？	5
什么时候开放选座	5
什么东西能托运	17
为什么我选完座  告诉我被占用 给我调到别的座位？	5
春秋航空是不是不支持值机	5
我想在手机上办理值机手续，请问几点能办	5
什么时候可以选座	5
我的航班什么时间开放选座	5
我已经购买了机票，怎样在系统中选座呀	20
刺猬是不可以的对嘛	17
如何添加更改常旅客	19
手机值机后还能托运吗	17
航班延误 如何取消值机	5
幼儿登机	8
机舱安全出口在什么位置	5
一年前的行程记录查询	0
今天第一次使用，不能在App上选座位	5
怎么在天津航空官网上购买行旅托运费	17
怎么申请常客卡	19
如何订机票	20
遥墙机场过安检后里面有吸烟室吗？	8
认证不成功	2
怎么加入同航班群聊	15
如何预订座位？不是值机	5
我的机票CZ8129在南航柜台不能打印行程单，怎么回事？报销用，在哪儿打印？	13
在哪里添加选座	5
在哪购买机票	20
个人乘机凭证邮箱怎么改变	13
谢谢！	6
28月小孩子无法手机网上预约值机！怎么处理	5
儿童票不能提前手机值机是吧？	5
我们一行四人 为什么只能选三个座位？	5
不可以买票吗？	20
机票名字错误	20
需要餐食怎么预定	15
我想取消值机	5
旧护照 行程没被更新	0
户口本可以登机吗	18
如何为同行人办理选座	5
小孩的要怎么值机？	5
找不到行程单号	13
儿童票值机	5
南宁机场电话	1
选座，有些座位加锁	5
发票一直不发给我	13
你好！请问在哪选座位？	5
多次值机失败，可以协助吗	5
怎么帮和我同行人选座位？	5
定了机票以后多久可以查到行程	0
你好，请问飞行模式在哪里查看？	15
人工服务又没有电话	1
什么呀，答非所问	11
为什么在航旅纵横定的接机无法开发票	9
未显示行程	0
飞机起飞前多长时间停止登机？	15
你好，我之前在携程买的机票，补打登机牌，在哪里可以操作	3
我们需要电子机票行程单	13
能不能人工认证身份证	2
东方航空可以儿童选座吗～	5
open票如何使用	15
为什么我的行程看不到	0
你好，我想改签，机票还是我之前的价格嘛	15
问下怎么开电子行程单	13
值机后可以退票吗	15
如何帮别人取消值机	5
为什么有的航班不可以提前预约选座	5
值机后怎样获得纸质登机牌	3
座位信息在哪里	5
您好，累计的行程可以兑换里程或者机票吗	15
怎么关闭行程保护	5
托运液体	17
办理了电子登机牌还需要办托运手续吗	3
护照认证一直提示中英文姓名不匹配	2
有部分座位不能选择，未到开放时间	5
我可以在这里帮别人买票吗	20
预留座位	5
怎么购票？	20
我之前在航旅纵横选的座位，现在想取消座位无法操作怎么办？	5
怎么查看我的历史行程	0
帮取消值机	5
为什么没有查到可预约值机的行程	5
ps288飞行了6个多小时，行程怎么才2000公里？	15
起飞前多久停止手机值机	5
我想变更座位	5
我今天只是修改了手机号码	2
不能购买机票吗	20
旅豆可以购买么	14
为什么我之前选的位子会被占	5
天津机场客服电话	1
哪里选座	5
机场的客服电话多少	1
我从乌鲁木齐乘坐西部航空回重庆，没有免费行李托运，请问是怎么计费的	17
在吗？	16
如何添加同行儿童值机	5
我要订机票	20
做过的飞机发票能打印吗	13
如何确定是不是联程机票	20
怎么选票？什么时候可以选票	20
我想帮我妈妈值机	5
携程，同城的行程单怎么打印	13
为什么不显示新的行程了	0
我想问一下，下载了pro版，就可以看2011年的记录吗	15
如何查询国际航班	0
飞机延误了怎么办	15
多大年龄，可以独立坐飞机	5
帮朋友在我手机上值机，我们一起的，一个值机二维码可以同时过我们几个人嘛？	3
不能取消座位	5
怎样注销账号	2
麻烦帮我取消座位预留信息！	5
我的认证还未通过	2
我能添加其他乘坐人员信息吗	5
我要如何查询我男朋友的航班	0
护照信息怎么更改	2
行程单原件	13
国泰航空航空行程看不到	0
为什么前十排选不到	5
电子登机牌没有扫描可以用嘛	3
你好，现在提前一天不能值机选座吗	5
座位怎么选	5
发票什么时候寄过来给我	13
常客卡在哪里	19
没有身份证	18
值机怎么登机	5
可以查其他人的航班吗	0
请问下周三，6月12日GS7898的航班，大的行李箱免费带吗？	17
取消座位的问题	5
我想办理值机，为什么还没开放	5
我需要行程单报销	13
座位是在你们app上定的，航空公司需要联系你们，更改的	5
您好，我的值机办理成功了吗	5
儿童乘机证件	18
注销账号	2
工具箱手机选座卡片在哪	5
为什么我买完机票后，没有任何行程	0
飞机出发前多少时间停止检票	15
我们在航空公司订的票为什么在航旅纵横上没收到任何信息呢	0
13岁小孩没身份证可以拿户口本吗	18
双流机场电话	1
我的认证证件不小心改成了孩子的名字	2
怎么绑定身份证	2
不乘坐航班，可以为别人选座嘛	5
不能选座	5
非本人行程 无法值机	5
餐食	15
我要手机值机说我自己开启了行程保护无法查看行程	5
大龄老人如何买机票	20
我要更改认证人的身份证号码信息	2
你好 我在办理值机过程中 提示同行的一名儿童与我们不同航班 我们六个人订的都是同一航班	5
为什么12年的查不到。	0
航班取消后，新航班怎么不好选座	5
请问如何用户照查询他人给定的机票	0
无免费托运行李的航班，托运行李是怎么收费的	17
SC8050航班什么时候可以网上办理值机	5
经停乌鲁木齐，20点55到龙嘉机场的航班是哪班	5
验证码超次	2
飞机突然变更到达站了。本来浦东，现在虹桥。我买的联航一套票，中间就间隔两小时，时间太紧了。想退票，请问如何申请退票可以获得最大限度的退款。	15
怎么购买延误险	15
值机不能取消，另外选座吗	5
我的账号显示重复认证，我已经提交新的信息到你们指定邮箱	2
需要帮我取消值机	5
怎么查我下载的版本是不是新的	15
广州到柬埔寨的航班可以选座吗	5
账户注销	2
国际航班不会在行程中显现出来？	0
南航国际航班能手机值机么	5
请问怎么取消值机	5
接机，自动取消为何不退款	9
已添加同行人 但值机不了	5
我的航班座位怎么系统自动选了	5
账号忘记	2
如何获取电子等离散	3
我的行程删除了，怎么可以恢复？	0
你好！请问：我是7月17日的机票航旅纵横已显示已值机是什么意思？	5
是你们平台已经帮我值机了或帮我预留了座位，我现在想取消。	5
L10472296，马雯，之前是希望能够帮助她值机，绑定之后发现没法值机，但又不能自己删除	5
东航 想给孩子选座 怎么添加同行人啊	5
你好，为什么我值不了机？	5
发票怎么开？	13
退票是怎么退的	15
儿童为何不能值机	5
取消值机操作不了	5
如何购买航班意外险或者航班延误险	15
怎么向航空公司申请托运宠物	17
尼玛币	11
请问怎么选位置	5
为什么app无法值机	5
怎么咨询航空公司	1
帮我查下我这班一个叫李梦涵小姑娘的座位在哪里	5
护照怎么绑定	2
访问次数超过限次怎么办	15
500ml的液体可以托运嘛	17
为什么两年前的行程没有显示	0
修改手机号码	2
为什么有的不支持里程累计	15
验证码	2
咋样可以查询到自己买的机票	0
补登机牌	3
延误险怎么赔付	15
化妆品可以托运吗？	17
你们的体现非常不好	11
手机要关机么	8
您好，我帮别人定的机票，在航旅纵横上通过证件等信息可以办理值机吗？	5
航旅纵横怎么购买行李额	17
怎么查看自己的机票	0
我想知道我的四张票，三张都可以选座，只有一张不能选座是为什么？	5
在其他网站买的机票这里可以查到么	0
如何查询我的电子凭证	3
你们没有人工服务吗	1
经济舱免费托运45公斤？	17
无法添加新护照号	2
吸烟区在哪儿	8
为什么不能添加同行人	5
我要取消明天的选座可以吗？	5
为什么不能在线选座	5
里程补登	15
航空公司电话	1
我的账户绑定错了，怎么修改	2
儿童能网上登机牌	3
为什么添加常客卡总是显示请求失败	19
请问如何投诉机场办理登机牌工作人员	8
为什么我预测成功，旅豆被扣	14
我选座不成功	5
人工客服电话多少？	1
怎么添加好友身份证	2
你好，我川航会员更换了手机号，那么在航旅纵横APP上查询卡片信息的时候就显示我手机号无效，这个怎么办？	2
卡塔尔航空能查到吗	10
新加坡过境签	15
可以帮别人选座位吗？	5
下载了pro版登陆以后是不是就覆盖之前的普通版了，不用再注册了吧	15
只带出生证明可以吗	18
怎么值机的时候不能接收验证码？	2
我想关联我的港澳通行证，为什么老是说我的中英文名字不匹配	2
这个不是本人的证件	2
值机失败，请稍后在试	5
小孩怎样与大人一起值机？	5
提前多久进场？	15
手机号码注销	2
怎么取消座位	5
怎么提前预约座位	5
如何选坐位？	5
怎么帮他人值机？	5
可以托运300ml的芦荟胶么	17
为什么我不可以值机	5
我认证身份证和孩子的姓名串了，需要马上修改，怎样处理。急！	2
是穷雇不起员工吗	11
更改座位	5
怎么拿发票	13
川航如何与儿童一起选坐	5
怎么网上值机	5
已经值机成功，还需要柜台取纸质登机牌吗	5
航班延误已发更改起飞时间，是按照原起飞时间去机场还是按照更改时间去	10
如何领取失物？	8
航班信息没有显示	0
70岁以上老人乘机可以吗？	8
我定的21号深圳到上海的机票，为啥显示今晚的？	20
办理托运需要加费用吗	17
为什么我值不了机	5
你好，我预定的本月26日从澳大利亚黄金海岸到墨尔本的航班为什么没有显示？	0
行程添加	0
提示该航班在不支持手机选座	5
为什么别人可以值机？我的不能？	5
你还，买飞机票时已经预定了座位，那在航旅纵横上就不用在选座位了吗	5
美兰机场有吸烟室吗	8
怎样查询选好的座位	5
为什么我从巴厘岛回来的行程没有显示	0
为什么无法认证	2
什么时候能选座	5
如何删除他人的值机信息	5
80岁的老人购买飞机票有什么要求	8
可以打印电子发票吗	13
我能把10月1号的飞机票改签到明天吗	15
如何预约选座	5
你好，我有7个国际航班行程，但是只显示了一个	0
怎样选座位？	5
可以查别人的航班吗	0
行程不完整	0
预约选座 可以更改吗	5
我下午的航班找不到	0
能改签吗	15
为什么能私自订票	20
改签机票，飞机停飞故障，从新订票，这费用谁承担	15
延误没有餐食吗？	10
您好，国际航班行李限额多少啊？北京到塔什干，乌兹别克斯坦航空	17
明天的飞机，为什么现在还选不了座位	5
为什么我办理不了值机	5
选坐位不知道在哪里操作	5
网上值机约好位子后，还要办理别的吗？	5
直机禁止携带的行李	17
前天我用手机值机了两个人，但是只发了一个登机牌到我的邮箱里	5
身份证绑定了之前的手机号，现在换手机号了，怎么修改？	2
什么时候可以开始选座位	5
你好 在航旅纵横值机的航班，但无法取消值机了	5
几点开始值机	15
如何更改认证证件	2
为什么输入身份证号码总是说格式不对	2
你好，5.19我在你们这里办理了川航的机会升舱，发票你们怎么给我？	4
为什么到现在都没有显示行程	0
为什么没有以前行程记录？	0
一个大人带2个小孩怎么坐飞机	18
儿童自己乘机	5
能否给山东航空的航班办理值机？	5
我身份整丢了怎么才能取机票啊	3
飞机票怎么买	20
航班群	15
想问一下国航航班可以办理值机选座吗	5
怎么查别人的座位呢	5
为什么我的身份认证失败	2
怎么把春秋航空的行程记录添加到航旅纵横行程记录里	0
我买的国际航班为什么航旅纵横无法显示	0
残疾人	8
已经买票的国际航班怎么添加并选座	5
怎样才能知道我的护照是认证成功？	2
我新换了护照，总是添加不了，说我的英文名字与中文名字不符，如何解决	2
我改名字了	2
在哪里取消为别人值机	5
国际航班没有自动显示	0
我在软件值机后，可以去机场取票吗？	5
托运行李液体	17
添加儿童联系人选出生证明，证件号码怎么填？	5
托运行李有大小限制吗	17
这种情况怎么取消值机	5
儿童已有身份证，可以手机值机吗	5
怎么通过sfz查航班	0
升舱订单可以取消吗	4
外航的行程不能添加吗？	0
我是民航人，怎样认证成为航旅业内版？	2
不支持婴儿票的在哪里购买	8
飞机托运哪些东西不能带	17
如何选座	5
为什么没有我的行程？	0
没有看到取消座位按钮	5
可以用身份证查订单吗？	0
电子行程单能发到邮箱嘛？	13
选坐位在哪里搞呀	5
我想给同行人在线值机	5
可以带上飞机的东西	17
查一下我的机票	0
不能值机	5
预约选座显示有误	5
70岁以上可以购票吗	8
下载pro	15
4人不能同时选座	5
会在起飞前多久开放选座呢	5
怎么预约值机	5
客户热线多少	1
座号从哪里选？	5
为什么我有的出行在行程中没有显示	0
怎么不能拍照	15
发票怎么打	13
行李托运最晚什么时候	15
我要从新选座	5
为啥办不了值机	5
为什么我买的机票显示不了行程呢	0
值机时新增人员的名字错一个字同音不同字会有影响吗	5
我要办托运 可以先在这手机值机然后再到机场办托运吗	17
2周岁以内婴儿登机证件	18
自己不出行，为他人选座	5
您好，可以选位置不?	5
为什么我没有开启却被行程保护无法值机？？？	5
选座显示错误	5
我要选座位	5
违禁物品	17
旅豆能换什么	14
我的认证信息里，身份证号码是我的而名字变成了我父亲，如何修改	2
在哪购票	20
你好，我已经办过值机，孩子四岁半不能单独办值机，请问，孩子的怎么添加上？？	5
提前多久停止登机	15
很多航班没有显示	0
8/7 MU5807航班为什么不能预约值机？	5
嗨喽	16
托运违禁品	17
怎么在上面订票	20
手机值机为什么所有座位都不可选？	5
旧的护照的机票信息可以导入吗	18
网上值机最晚起飞前的几小时	15
联程机票	7
SC航班什么时候可以选座位	5
我想认证ElD电子身份证怎么办	2
儿童能网上添加登机牌吗	3
怎么修改会员卡密码	19
客服人工台如何联系	1
有病	11
你好！我预约值机为啥只能选3个人的座位，我有4个同行人，怎么预约值机？	5
为什么没有机场泊车优惠	8
有没有人工客服？	1
玉器能托运吗？	17
身份证认证了怎么删除？	2
机票名字错一个字	20
你这就没意思了小横	11
机票行程单打印	13
认证护照需要几天	2
孕妇乘机规定	8
到晚上了，航班座位还没有开放，究竟有没有这个功能啊？	10
我帮别人在这软件选座位怎么弄	5
你们再不改善那些低端小问题 客户都跑了哟	11
怎么样订机票？？	20
MU7780有免费托运行李么	17
历史关注的航班信息没有了	0
怎么给别人选座位	5
我在APP取消不了值机	5
机票在哪里可以打印出来	3
退票手续费	15
我现在要退票推不掉，是携程网订的，在航宇纵横上手机值机的	15
dr6584的19号怎么值不了机位。	5
值机失败怎么办	5
无法值机	5
误删了很多行程	0
提前几天选座	5
您好，上海浦东机场T2有行李寄存的地方吗？	8
值机换座位	5
值机无法增加同行人	5
能添加其他人的行程吗	0
有效乘机身份证件	18
我想问下首都航空在巡航状态下可以开手机吗？	8
请问如何选座呢？	5
托运行李破损	8
飞机上可以用手机听歌吗？	8
你好，我预约值机为什么被取消了	5
我是三点半的机票，现在到机场了还没有取票，还要行李托运，时间来得及那	15
嗨	16
国际航班为什么看不到价格	20
添加错行程	0
飞机延误赔偿	15
值机座位与预留座位不同	5
太早了 只记得具体日期和时间可以吗 没有客票订单或者照片了	0
已选座位 如何取消	5
如何为同行的朋友值机	5
这里能买机票吗？	20
退票怎么退	15
你好！怎么选座位？	5
怎样查询自己的机票订单	20
你好 我上个月有个15号的飞行记录 南方航空的	0
你好！请问7月16日海航7304航班什么时间才开放选座，目前我看到的信息是“航班保护中”。谢谢！	5
用护照能查到自己的机票吗	20
要是一个人可以选位置吗	5
个人行程列表在哪里？	0
我可以直接在这上面订机票吗？	20
值机用不了预留座位？	5
厦门航空的客服电话	1
你好，同行人添加上可以不用选座了吗	5
如何添加其他乘客	5
航班延误，值机停办时间是否更改	10
APP上登记了身份证和护照，但是系统默认的是护照，值机时未注意，所以我取消了值机。可以重新值机吗？怎么在APP上将自动默认的护照改为身份证？谢谢！	5
是不是还没到网上选座时间，不能提前办理值机？	15
婴儿坐飞机	8
如何取消添加的同行人？	5
好	16
为什么航旅纵横中有航班信息但是航线图不显示	0
客服人工电话是多少	1
无法找到预定信息	5
飞机晚点	15
机票报销行程单怎么邮寄？或者机场打印？	13
为什么认证不了	2
不到十一岁的儿童，需要带什么证件？	18
旅行团代买机票怎么查已购买	0
儿童值机	5
已经注册，忘记密码	2
联航如何查询行程	0
登机流程	5
航线图是要飞完了才能显示吗	0
我这边不可以选座，显示不是本人行程	5
知道了，谢谢。	6
怎么帮别人选座预留座位	5
你好，我想问一下为什么我值机值不了？	5
南方航空的客服电话是多少	1
飞机可以用蓝牙吗	15
为什么不解决问题？？	11
国外的里程存储	15
为什么办理值机显示手续不齐全	5
进去座位页面根本没有取消值机的按键	5
无法选座位	5
非乘机人员给别人选座	5
订票	20
行程审核需要多久	0
CZ6123可以手机值机吗？	5
常用联系人的行程怎么查询	0
怎么选座啊	5
请问能添加国际航班路线图么	0
怎么帮朋友值机	5
手机值机的取消不了	5
没有找到我拍的照片	15
航班取消，扣除了接送机服务的取消费，怎么处理	9
有人工客服嘛	1
我为什么查不到我明天出发的信息呢	0
6月16号东航MU5953次航班起飞了吗？	10
第一次坐飞机可以在APP 上选座位吗？	5
安全出口位置	5
有效证件没有带怎么办	18
我跟同行人同航班，同仓位等级，为什么不能给他手机值机？	5
已经值机但要退票	15
咸阳机场+临时身份证办理	18
航班保护中	5
换了护照，之后的行程看不到	0
身份证过期	18
明天的机票，为什么还不能确定座位	5
上海航空可以提前选座吗	5
在不	16
认证问题，另一个手机注册，这个手机要登录，不行。另一个已退出，还是不行。	2
你们的客服电话是多少	1
如何申请有氧仓位	8
已经预留了的座位，就不用值机了吗？	5
认证过不去，是因为长久设用在线了，另外电话号码改了，怎么办？	2
怎么取票	3
病人	8
有客服电话吗？	1
我没有定今天的航班 怎么莫名其妙的有今天的航班呢	0
常用联系人页	5
我买了去日本的飞机票，怎么选座啊？	5
6月10日GT1096什么时候可以值机	15
东方航空航班可以在航旅纵横上值机吗	5
没有人工客服吗	1
谢谢回答	6
添加不了证件	2
网上选座最多同行人是几个？	5
国际航班能不能手机值机	5
系统错误	15
请问有没有提供晚餐？	15
你好！我想选座位	5
Mu2709有餐食吗？	15
怎么查看以前的航班信息	0
座位锁住？	5
在哪里添加替别人选座	5
显示访问次数限制	15
小孩子怎么认证	2
可以手机选座了吗？	5
如何为同行儿童选座	5
托运行李超限可以和同行人一起算吗	17
我的航班晚点了 那我是不是可以晚一些去机场	10
请问如何更改电话号码	2
请问乘机凭证为啥邮件不发了呀？	13
怎样预约选座	5
这个APP能买机票吗？	20
国内旅行，航班托运行李中，能托运几瓶酒？	17
可以帮他人值机吗	5
为什么我的行程里面没有显示6月26日的行程	0
可以重新分开开发票吗	13
请问我的航旅口令怎么查	14
怎么修改卡包东方航空会员密码	2
大韩航空可以在线选座吗	5
航旅纵横的电子登机牌去哪了？	3
托运可带的护肤品化妆品有哪些？	17
为什么一直显示非本人行程，不可值机呢	5
到达目的地了，没有升舱，什么时候退款呢？	4
怎么把小孩选座位加在大人上	5
你好，我是明天中午十二点飞机，请问网上选座几点开始	5
火锅料可以托运吗	17
现在怎么在这里订机票？	20
为啥查不到我明天得行程	0
国内航班一般提早多久到	15
请修改认证的姓名	2
拥挤度是什么	10
我们一共4个人，已经给三个人选了座位还有一个怎么选	5
航旅纵横能购买机票吗	20
升级pro	15
我要取消选座，取消不了	5
办理值机总提示开启行程保护	5
你好，怎么查看飞机时速和高度	15
轮椅服务	8
儿童票不能值机	5
你好，现在查看不到航班动态了吗？	10
如何选座啊	5
我要值机	5
如何给其他账号的人选座	5
如何申请有氧仓？	8
我选了座位为什么东航那边查不到	5
今有事无法登机怎能退票	15
孩子12岁怎么选座，山航的sc4960	5
什么叫open票啊	15
你们客服电话多少，我找你们有个事情	1
如何提前预约座位？	5
一般如何联系航司获得常客卡	19
儿童如何值机	5
固态硬盘可以托运吗	17
我未来的机票为什么没有显示	0
打印电子发票在哪里	13
我的神州专车发票怎么开？	9
你好，怎样取消值机	5
手机值机后，还有取登机牌吗	5
航旅纵横客服电话多少	1
我的行程开放值机后为什么没有短信通知	5
没有行程信息	0
问下，可以替他人值机吗	5
如何获得电子行程单	13
如何查询我航班已经约定成功？	0
这是我的登录名和注册手机号	2
為什麼我不能添加常客卡	19
我的航班取消了，但是我已经做了值机，无法取消	5
我怎么给我的家人订位子	5
神洲专车发票开错	9
如何知道行程支不支持电子登机牌	3
无身份证 乘机	18
请问怎么提取2011年的行程	0
行程已经添加成功	0
自己怎么换座位	5
喷雾能托运么？	17
我今年初去马尔代夫旅游的行程为什么没有提取出来？	0
想问一下我外航的机票没显示	0
你好，请问我手机值机时为什么要我输入本人信息?信息输入完后又说我是非本人行程?	5
我是为家人办理的值机	5
往返机票在哪里？	20
预约接机会便宜一点吗	9
你好，我发现航线图不准确啊	0
改签航班后，不能添加同行人	5
亲，可以值机，但是为啥走的座位还是选不了	5
怎么注销账号	2
给我订一份东方素餐把	15
晚了五分钟，不能值机了。	5
是证件认证里的名字拼写错误	2
航班值机尚未开放，为何同伴已预约选座我们不能？	5
请问在别人手机上预定的机票在我的手机上可以改签吗？	15
麻烦给我电话，我需要了解询问改变我座位号的原因	1
你好	16
添加行程	0
身份证末位x怎么添加常旅客	2
小朋友怎么直机	5
你好，我想问一下怎么在线购买行李额	17
无法取消他人值机	5
怎么乘坐飞机	5
你好，电子登机牌在哪里获取	3
我怎么选靠窗位置	5
添加行程多久成功	0
请问我值机要值多人的，怎么弄	5
预约值机失败	5
可以帮其他人在我的手机上值机吗	5
更换不了座位	5
为什么11号重庆飞南宁办理不了值机呢	5
TT663今天航班取消了吗？	15
我时间来不及了，托运怎么办	15
hu7475怎么取消值机	5
身份证丢了怎么值机取票	18
怎么取消值机？	5
我乘坐的俄罗斯航空 为什么不显示	0
你好！我去的行程位子选好了，回来的怎么不能选	5
我要认证	2
怎么帮同行人选座	5
首都机场哪里可以寄存东西	8
有行李的可以网上选座吗	17
支持电子登机牌的城市	3
我要用原有手机号重新注册	2
如果预约wifi	8
电子登机牌能报销吗？	13
如何帮我的宝宝值机	5
如何看之前坐的飞机的延误信息	0
同行人值机数量限制	5
瑞丽航空可以在线选座吗？	5
你好，去广州托运行李20公斤，对托运行李个数有作要求吗？	17
点击哪里选座？	5
儿童怎么办理值机	5
我想提前托运可以嘛	15
怎样提前选择座位	5
改签机票需要补差价嘛	15
怎样添加同行人	5
同行选座可以选几人？	5
cz6184为什么不能在手机上值机？	5
在线值机时间	5
为什么我不能进行值机选坐	5
请问我的手机号不能认证，什么原因？怎么解决，谢谢	2
先值机还是先办理托运	5
已值机航班如何查询	5
第一次做飞机因该怎么办	5
预约接机，司机没有来，退钱给我	9
为什么苹果手机不显示电子登机牌？	3
您，我给别人办了值机，现在黑4别人取消不了	5
已经申请注销要多久	2
你好 我想问下 我七点的飞机结果延误改到了晚九点 那么是不是我九点之前两小时办手续就好	15
电话打不通	1
南方航空公司电话	1
垃圾软件	11
幼儿有身份证还需要出生证明登机吗？	18
军用迷彩背囊能随身携带上飞机吗？	17
机票已出，为何没有显示	0
取消值机还可以继续值机吗	5
会话失效	11
首都国际机场 客服电话	1
可乐可以托运吗	17
可以托运香烟吗	17
安全出口座位	5
请问如何更改认证信息	2
如何购买联程票	20
怎样办理升公务舱	4
CZ3965航班是什么时候可以值机？	5
值机不能添加同行人吗	5
为什么我的电子机票  查不到	3
请问我想值机选座	5
无法为其他人值机	5
2岁儿童坐飞机需要什么证件	18
可以帮别人值机吗？	5
我的行程没有更新	0
我需要机票的报销发票	13
选座位后，能办理托运吗？	17
请问我选好的座位为什么换登机牌时却没有啦	5
取消预约选座	5
1岁宝宝值机	5
带肝素针剂托运要医生证明是吗	17
请告诉我你们的客服电话	1
我为什么不能身份认证	2
接送机发票需要几个工作日开出？	9
14:15的航班截止办理托运	15
另外原来登记的护照名字英文写错了	2
预约选座 可以往返航班都选吗？还是只能先选去的航班	5
我不能手机值位	5
如何取消别人的值机	5
为什么国际航班不能在航旅纵横上值机？每次都提示认证？	5
请问 在这个APP值机后 到机场还能办理托运行李吗	17
可以添加多个人查看行程吗	0
如何升仓？	4
飞机上看位置	5
如何添加常用联系人	5
可以提前值机亚洲航空的航班吗	5
刚出生的婴儿能乘飞机吗	8
如何为同行伙伴选位	5
你好，回答我的问题。请你	11
我的机票定了吗	20
为啥我的行程单申请不了	13
在别的地方买票能在这上面看到吗	0
电子登机牌在哪	3
福州到香港的机票不可以值机吗	5
婴儿坐飞机需要什么证件	18
为什么不解决取消座位的问题	5
值机无法取消，错误51841	5
航班前多长时间可以值机	15
怎么删除旧证件	2
你们人工客服电话是多少	1
取消个人乘机凭证	13
SC8050航班什么时候可以值机	15
电钢琴托运损坏怎么办	8
咨询电话是多少	1
有氧舱价格	8
在航旅纵横上面可以定机票吗	20
除了托运行李外，还可以带几件行李上飞机	17
没有取消座位的按钮	5
飞香港澳门可以选座位吗	5
请问8l9616取消了吗	10
报销凭证	13
选不了座怎么办	5
报销	13
为什么我的手机号码改不了？	2
南京禄口国际机场失物招领	8
值过机了，起飞前多久还可以托运行李	15
我在手机上帮同行人值机选座，这次为啥添加不了呢？，	5
新加坡人如何办理值机	5
你好，如何成为常客	19
电动刮胡刀能托运吗？	17
如何取托运的行李	17
你好，我已认证，但是我现在要给孩子选座位，	5
同行人没有+	5
我想查查国内机票是否预订成功	0
改签同一航空公司没有航班怎么办	15
预约选座	5
参与了延误猜一猜，无法兑换机场雷达。	15
第一次乘飞机的流程是……	5
如果超过免费托运额度	17
在哪里下载最新版航旅纵横	15
行李托运费用	17
没有解决问题	11
桶装冻虾能托运吗	17
改签后同行人添加不了了	5
想问问哪排不是靠着飞机机翼的	5
居民身份证可以认证吗	2
我想换座位	5
临时身份证机场能否办理？	18
为什么不能值机选座？	5
行李超额怎么办	17
乘坐飞机需要什么证件	18
我要改预留坐位怎么改	5
托运的行李在中转处需要拿吗	15
行李托运限额多少斤	17
一次性刮胡刀可以不用托运吗	17
如何购买票	20
我不会定飞机票咋办	20
你是个笨蛋	11
你可以帮我值机吗？	5
只有行程单	13
停车收费哪里办理	8
我所在的座位已被占用或锁定	5
我选的6D的位置是不是经济舱的位置？	5
机场贵宾厅	8
我是帮别人买的机票，怎么帮别人预约选座？	5
最早可以查到多久的航班	0
国内航班怎么选座位	5
为什么刚出行完毕的订单不显示	0
为什么我之前可以预约值机（选座），现在不可以了？	5
你们怎么回事	11
你好在吗	16
取消的办理值机手续。	5
廉价航空添加行程	0
航班为什么会取消	10
现在都支持哪家航空公司在线值机	5
你好。川航儿童可以手机值机吗？	5
为什么查不到国航航班的信息？	0
我只想取消我选的座位，为什么就取消不了？？？	5
你们电话多少	1
我未来的行程没有显示	0
客票监控	15
如何查看常用联系人	5
为什么我选座时显示非本人航班？	5
为啥取消不了值机	5
您好！！	16
军人值机柜台在哪	15
可以在这里买机票吗	20
托运可以带洗漱用品么	17
如何订瑞丽航空的机票？	20
我预约过了，不小心取消了，现在也预约不了了	5
我不想让你们办理值机	5
那我不能提前选位吗	5
值机为什么没有台湾通行证这一选项	5
为什么不能给同行的人办理值机	5
为什么选不了同行孩子的座位	5
预定了机票，怎么不显示待出行订单？	0
可以值机多少次？	5
怎么更改值机的人员信息	5
取消未成年人值机座位。	5
如何打印电子行程单	13
为什么我调换不了座位	5
贵阳机场派出所电话	1
行程单邮寄	13
国泰航空的航班提前多少小时才能办理网上值机？	5
我的钱包在哪里	3
我的机票信息怎么显示不出来呀，	0
请问怎么知道自己的航站楼	7
我的发票什么时候能收到？	13
您好，预约选座为什么没有提示成功？	5
手机上弄过电子登机牌还能领纸质登机牌吗	3
大人已经完成值机儿童怎么选	5
为什么无法添加海航的会员卡	19
临时身份证怎么办	18
怎么为其他人选座	5
刚好满两岁的宝宝如何买机票	20
手机上可以选位置吗	5
我想问下，孩子怎么值机	5
亲，酒水能够托运吗	17
冻海鲜办托运怎么包装	17
值机可以办理同行两人吗	5
如何查机票	20
如何更换认证	2
2014年的行程不能添加么	0
改身份证怎么改	2
值机查询	5
手机值机后，为什么一直不显示电子登机牌	3
延误证明在哪里开？	15
扯淡，耽误旅客时间	11
医用功能性敷料可以托运吗	17
怎么在手机上选座	5
为什么我不能取消座位	5
大暴雨能起飞吗	10
工具箱的手机选座在哪里	5
我买的明天的机票	20
南航为何不能选座	5
你好，请问一下，要托运可否手机上值机	17
添加常客卡显示非本人常客卡怎么回事	19
值机是什么意思	5
飞机起飞前多久不接受安检	15
我老公的认证弄成我的了，怎么取消呢	2
土耳其航空几点开始值机	15
帮我取消认证	2
笔记本电脑把电池拆下来之后可以托运吗	17
可以由家人帮忙选座吗？	5
怎么通过姓名和身份证号查询航班信息？	0
我在手机上办理了值机	5
几年的旅行信息都没有了	0
长水机场临时身份证办理	18
无法取消值机	5
澳门航空的机票可以在这个上面办理网上值机吗？	5
点不开查看登机牌	3
选座取消失败对不起	5
为什么没有已买机票的信息	0
改签后会更新吗	15
什么时候可以取机票	15
自购刀具可以托运吗？	17
为什么不能帮别人选坐	5
我要取消值机怎么取消	5
如何添加第二个乘客	5
忘记会员卡密码怎么办	19
能帮我看一下我在线选座是否成功了吗	5
临时被通知航班取消，请问如何改签	15
如何取消自选座位	5
我18号有2个乘客值机，为什么只收到一个电子行程单	13
婴儿登机证件	18
怎么添加其他证件	2
发送同行人的电子登机牌	3
想查韩国的行程	0
已预订的机票哪里可查询？	20
同行人6人	5
有客服电话吗	1
你好，儿童如何值机？	5
我的机票找不到了   可以用身份证查询几点的飞机吗	0
我们4人同行，为什么预约值机只能3人？还有一人怎么预约值机？	5
飞机乘机人手机号错误有事吗？	5
为什么前面的位置不能选？	5
我16号的行程，为什么还不能打印行程单	13
西部航班客服电话	1
在航旅纵横办理值机时间	5
儿童名字后面加CHD是什么意思	2
去年托运的行李箱里的充电宝，在托运时被拿走了，现在还能取回吗？	17
Sb	11
手机值机了没收到短信	0
第一次坐飞机不懂怎么办	5
航站楼在票的哪里看	15
孕妇人工安检	8
延误补偿	15
托运箱子的重量标准是多少？	17
值机，手机验证码一直收不到	2
为他人预约选座	5
你好！我没有订机票，怎么发信息给我	0
从哪里选坐位	5
您好 怎么看我给别人选的座位	5
你好！我现在还能打3月份的行程单吗？	13
手机无法取消值机	5
游戏机可以托运吗	17
为什么我的身份证认证不了	2
儿童怎么选座	5
境外的航空公司行程会显示吗	0
我怎么取消值机	5
国内哪些航班有婴儿睡篮怎么查询	8
怎么用护照查机票	0
儿童如何选座	5
延误险	15
没有取消座位按钮	5
飞机座位靠窗	5
这个app可以购买机票吗	20
身份信息已被认证	2
里程累计	15
儿童票在哪里查行程	0
输入验证码说是错误，然后重新获得验证码又说号码已经使用？是为什么呢？	2
怎么升舱	4
东海航空人工客服	1
无法办理值机呢	5
怎么添加不了行程？	0
手机不显示已定航班信息	0
我的座位免费升为公务舱，发票是否显示为经济舱？	13
如何帮老人值机选座位，自己不在该航班	5
回乡证如何提前预约值机	5
儿同为什么不能办理值机	5
如何打印机票	3
本人没有绑定身份证，为什么显示已经绑定过了	2
还是取消不了值机啊	5
付费选座什么时候出票能成功	5
如何写点评	15
我明天和后天的行程怎么不显示？	0
怎么自助网上选座	5
怎么改签或者退票	15
祥鹏航空行李携带上机的尺寸？	17
有没有人工服务啊！	1
订票时到最后一栏为什么点击进入不了下一栏	20
身份证认证失败	2
为什么海航的同行家人不能选座	5
电子登机牌，在哪找到	3
宁波飞澳门的航班怎么查询	0
祥鹏公司没有免费托运行李吗？？	17
我订完机票但是纵横没有显示？	0
我的账户绑定错了，可以修改吗？	2
在手机上值机后还能打印纸质登机牌吗	5
我有一个2019年7月16日北京到韩国金浦的行程为什么不显示那	0
军人持证件可以升舱吗？	4
怎么显示热力图	0
为什么我值机不能添加同行人	5
认证身份证和名字有误怎么办	2
我没有退票	15
到南京禄口机场是T2还是T1	15
网上值机哪里打印登机牌	3
怎么取消帮他人的值机	5
持有电子登机牌办理行李托运是否还需要补打纸质登机牌	3
只带护口本行吗ll周岁	18
去哪托运行李	17
行程单怎么打印	13
飞机票开放选座时间	5
电子耳温计能托运吗？	17
泰航怎么办理值机	5
我替朋友选好的值机如何取消？	5
你好，现在怎么不能在线办理值机	5
为什么刚结束的行程没有显示	0
口令忘了，在哪里可以看到	14
请问哪里可以查到乘坐航班平面图	0
安检托运程序	5
不支持手机值机	5
帮别人值机	5
航班因天气更改到第二天，航班公司是否会安排当晚住宿？	7
你好，我想问下儿童改座位要怎么修改	5
亲 我刚注册完为什么一条飞行信息都没有呢	0
我在手机里为家人买的飞机票怎样可以帮忙选座位呀？	5
如何在先选座	5
小朋友的值机无法取消是怎么回事	5
使用过的航程还可以添加么	0
找不到座位信息页	5
怎么手机值机	5
我要订机票怎么订呢？	20
现在我想机票改期了哦	15
在	16
手机值机时间	5
多久能彻底注销	2
电子登机牌乘机后没有打印行程单	13
没过安检就不算办理登机手续吗	5
带婴儿乘坐飞机，不能手机选座吗	5
为什么我不能手机值机选座位	5
樟脑丸可以放行李箱里吗	17
CZ6390航班延误到几点	10
怎么办理会员选座位	5
可以预约登机选位吗	5
为什么选座选了两个人只看到了一个人的	5
查不到票	0
离线看航线	0
折扣商务舱是否可以享受贵宾厅服务。	8
航线图没有显示我最近的行程	0
东航国际航班儿童值机	5
请问办理值机以后，还可以到机场托运行李吗？	17
如何查询我买到的机票	0
儿童机票怎么取	3
国际航班的旅行为什么没有显示	0
加入钱包	3
国际航班能查到吗	0
为何有的航程没有记录	0
为什么看不见机票订单	0
怎么查询别人给我订的机票	0
怎样办理升舱？	4
选好的座位可以更改吗？	5
加了QQ号一直没人接呀。	15
是否能添加家人信息	5
请问6月6日Dz6204航班，何时开始网上值机	5
怎么查签证到期时间	15
行程没显示	0
open票	15
如何添加联系人	5
我们赶不上飞机，可以改签吗	15
客服热线电话	1
如何进入常用联系人页面	5
航班显示已退票	15
接机退款	9
投诉 在贵平台预定了接送机服务 但是无法开具发票	9
查询订购的机票	20
我已经支付宝快速认证，为什么看不到行程？	0
山东航空电话	1
出境购机票不用身份证或护照号吗	18
我想为我同一航班的朋友一起选座，怎么操作	5
怎么增加新护照	2
可以注销账户后，重新注册吗	2
如何联系航空公司	1
随行儿童如何一起办理登机牌	3
你好，为何我用手机办理不了选座，迟迟收不到短信	5
请问14号下午14.55的郑州到乌鲁木齐的JD5383首都航空行车可托运是多少公斤？	17
手机提示开启个人保护，怎么回事	5
没有多段行程	0
你们有电话吗	1
没带身份证	18
网上可以直接打印抬头发票么	13
已办值机，怎样取消？	5
三亚机场，飞机票没有免费托运行李项，那20公斤行李多少钱到青岛	17
如何添加行程	0
这个办不了值机，是什么情况？	5
现在新电话无法认证	2
值机失败是为什么？	5
我订的国泰航空的机票怎么没有出现在行程中？	0
帮老人买了机票，怎么提前选座	5
我给儿童值机没法完成	5
值机状态怎么查询	5
来回航班怎么值机？	5
打印发票	13
如何打印电子登机牌	3
航旅纵横Pro无法下载	15
领取登机牌后还可以使用电子登机牌嘛	3
值机提示非本人行程	0
我突然出现一个我没有定的行程。	0
没办法取消值机啊，好像是你们的系统出现故障了	5
我的身份证被其他账户认领	2
航班不支持手机值机是什么意思？只能去机场值机？	5
同行人值机办理	5
可以添加家人信息吗	5
暂时不能选座	5
提前多久能手机值机选座	5
你好，怎么选座位？	5
为什么手机选不了座	5
可否自己打印电子行程单	13
怎样打印纸质登机牌	3
飞机发票	13
你们可以订票么	20
我的接站车如何付费？	9
一直收不到短信验证码	2
我能取消选座吗	5
手机值机需要打登机牌吗？	3
哦，知道了	6
我想要改机票	15
答非所问！	11
为什么无法取消值机	5
为什么我不能给同乘人预约值机？	5
找不到常用联系人	5
你们能说一下客服电话吗	1
机翼位置	5
做的什么界面 真难看 感觉一点都没有档次	11
如何进入常用联系人	5
旅豆干什么用？	14
你好，儿童和成人一起值机怎么操作	5
以添加QQ群，多久能通过	15
怎么帮孩子值机	5
为家人买的票，可以给他们选座吗	5
可以提前多久值机	15
我要取消我的订座	5
延误证明在哪里	15
国内行程会自动导入嘛	0
临时身份证哪里办理	18
本人可以为同行人选座位吗	5
值机输入正确的信息还是没办法查询	5
行程单为何没有打印	13
去哪里值机	5
如何取消朋友的值机？	5
儿童无成人陪同服务怎么办理或买票	20
常用联系人页面在哪里	5
你们人工客户电话是多少？	1
如何取消座位	5
儿童怎么值机	5
怎样查看口令卡	14
查机票	20
为什么2010年的飞行记录没有呢	0
找不到地方添加常用联系人	5
我要选座	5
请问一下客服电话是多少	1
我怎么帮朋友值机	5
新版本为什么没有显示拥挤率灯信息	10
想了解家人行程	0
请问如何在出租车乘车口要一辆车	8
旅豆如何转赠	14
這個app可否添加香港特區護照	2
如果取消值机，谢谢	5
获取验证码次数超限怎么办	2
我的英文名不知道为什么被改了	2
我本来是订的今晚6月4号浙江长龙航空GJ8972次航班23:15榆林机场到萧山机场的航班，结果现在发现飞机已经飞走了，但是完全没有通知我航班时间变了，现在延误了，怎么办	15
也不行	11
珠海金湾机场可以用电子登机牌吗？	3
行程单要如何获取？	13
手机软件怎么选座位	5
上航值机要付费吗	5
小孩子如何值机	5
儿童需要提供什么证件办理登机	18
如何取票	3
我要取消值机，怎么操作不了呢	5
接送机开不了发票怎么办	9
可以买机票的吗	20
A67140什么时间开始值机	15
证件上姓名有错	2
请问托运行李里能带3斤液体不？	17
我儿子乘坐了et302死了，有保险吗，。	15
怎么帮助别人选座	5
之前的飞行纪录，为什么都没有显示	0
好的	6
边上的座位上锁	5
为什么添加同行人值机显示不是本人不可值机	5
被他人恶意值机如何取消	5
如何调整已选座位	5
我的机票能否在线选座	5
怎样选坐	5
2010年的形程怎么查询	0
我不是乘客可以帮别人值机吗	5
你好，荔波机场不支持电子登机牌，那机场有值机柜台可打印登机牌吗？	3
我要升舱	4
4792148288708需要开发票	13
小孩值机	5
没有任何凭证怎么添加行程	0
我昨天取消了之前选好的飞机座位。今天还可以重新再选一次座位吗？	5
如何用身份证查看航班信息	0
三年前安装心脏起搏器，能乘坐飞机吗？	8
手机App无法正常打开	15
能否帮忙删除我的一个认证	2
退票联系那里	15
怎么租车	8
请问人工客服电话	1
不支持值机	5
香港航班无法增加同行人	5
怎么拿到发票	13
我要注销此账号	2
怎么开发票	13
怎么获取行程单	13
电子发票事项如何处理	13
你好！我是吃素的，请麻烦给我订一份素食！	15
你电话是多少。	1
我能用航旅纵横给别人选座吗	5
请问6/5的航班什么时候可以网上办理值机	5
托运能带肉类吗	17
请问我是东方航空，小孩子可以在手机上选座位吗？上海浦东到美国洛杉矶。	5
你好，手机办理值机手续几点开始	5
你好，可以打人工客服吗？	1
无法远商务舱座位	5
能用护照买机票吗	18
是否补打行程单	13
选座成功提醒不	5
托运能带多少斤	17
我的孩子机票怎么不能值机选座	5
怎么样选座位？	5
你好，想打印行程单是怎么办理？	13
可以查询他人行程吗？	0
能添加别人的行程值机吗	5
怎么办理报销凭证	13
我要退票	15
机票上的信息怎么看	20
护照上的行程为何没有提取出来	0
为什么看不到香港行程	0
请问客服电话是多少？	1
机票不显示	0
请问行程单不见了可以重开吗？	13
怎么给机票选座	5
我帮别人值机，电子客票二维码在我手机里，别人怎么用了	3
两个行程中的第二个如何预约选座	5
为什么境外飞行看不到	0
报销凭证打印错了	13
行李箱托运费多少钱	17
为什么不能手机选座了？	5
护照号添加不上	2
怎么打行程单	13
查看座位	5
从哪里买行李托运	17
如何为家人值机	5
好的  谢谢	6
“您无权查看该信息，乘机人已开启行程保护”	5
托运能带多少液体	17
婴儿乘机	8
请问300毫升的蜂蜜，可以托运吗	17
可以提前多久打印登机牌	15
怎么添加证件	2
无免费托运行李额是什么意思	17
同行人只能有3个吗	5
如何选座啊？	5
我要删除旧护照，以便添加新护照，该怎么办？	2
我换了机场雷达卷，但找不到可以打开的地方	15
我本人没有订今天从沈阳飞西安的机票，为什么在行程列表中有这个行程呢？客票号是8262501963205。能帮我查一下吗	0
怎么办理升舱	4
充电宝能不能托运?	17
发票多久能到	13
密码忘了怎么修改	2
每个人可以免费托运多少东西	17
靠窗的飞机昨座位怎么选	5
为什么票号输入都值不了机？	5
亲，为什么家人和我同一班飞机，为什么值不起机了？	5
删除 姓名：张二愣 证件号：524683569856981452 删除原因：此身份证非现18653102101手机号机主，影响我绑定身份证号	2
去西藏的TV9816什么时候可以值机	15
我取消今天下午出发重庆到天津的值机业务取消不了	5
在那里选座	5
没有和我一起同行 可以帮忙选座位吗	5
山东航空办理儿童值机	5
所有信息都对，怎么就是不能手机值机	5
没有登机牌 电子客票号	15
行程缺失	0
没有出现取消座位	5
账号注销	2
我我是少数民族，能不能给我安排清真餐	15
能用身份证查询机票？	0
你好，帮小孩值机一直显示值不了	5
孕妇优先登机	8
为什么不能选座位呢	5
为什么机场控制人员要随意改我的值机座位	5
哈哈	6
你好：我帮别人值机选座、用我的手机号为什么收不到验证码	2
我想咨询一下，我的账户可不可以给同行的人办理值机	5
怎么预定机上无线	15
为什么显示我未乘坐	0
儿童 值机	5
值机如何添加同行人	5
名字换了，请问怎么更新	2
QQ群号码不对	15
我办理了订位还能托运行李吗	17
你们电话是多少？	1
乘机证明无法获取	13
航班延误四个小时有赔偿吗	15
国际航班可以电子值机嘛	5
错误代码3121	15
为什么不能显示行程？	0
进入飞行模式	15
如何更改证件信息	2
请问哪里可以选座	5
从北京中转韩国在飞日本的航班为什么不显示？	0
怎么帮别人值机	5
拍照在哪	15
明早7:55从银川到重庆的航班CZ8048为啥不能在手机上选座	5
再哪里选座	5
我没有订机票，为什么航旅纵横显示我定了机票而且还已经值机	0
当前课票暂不支持手机值机	5
儿童单独	5
怎么手机上我选不了座位	5
有行李托运，可以网上值机吗	17
已改签，预留座位不变	15
香港的航班是要添加港澳通行证才能查到么	0
已经到值机时间了	10
厦门T3航站楼怎么坐摆渡车到18检票口	7
我要改签机票	15
笔记本电脑取下电池可以托运吗	17
你死了？	11
网上直接座位被改了	5
我儿子没法选座咋办？	5
客服电话是多少	1
如果座位被锁定，应该提前告知，怎么还能让预选。	5
如何帮其他人取票	3
APP里面没有选座选项	5
在不在	16
亚行怎么导入行程	0
常用联系人在什么地方找	5
国际航班如何查询	0
怎么升级pro版	15
现在是需要完成乘机后才会显示航线吗	0
怎样补打行程单	13
怎么查询我名下的机票	0
我们一起6个人	5
如何进入飞行模式？	15
为什么手机不能值机？	5
可以购买旅豆吗？	14
身份证查航班	0
那个人可以带多少东西上飞机	17
打印行程单	13
她和主乘人不同行程，可以值机吗	5
您好，为什么我办理值机，显示非本人行程，不能值机	5
为什么我给别人值机不了	5
是不是我网上预约座位后，在去航空公司app办理值机	5
亲 我新添加的航线经常没有在航线图上显示	0
已经网上值机还可以取消吗	5
如何绑定护照	2
出身份证以外证件可以取票吗	18
查看别人的飞行记录	0
哈喽 我想问一下 今晚有个朋友是从5：40从福州到北京的飞机  我这边帮他值机选座 为什么选不了 说是这两天内没有查到出行	5
cz3297有餐吗	15
3人不能预约值机	5
可以买行李额吗	17
有出生证明照片	18
我在前两天就购票了。但是航旅纵横显示没有	0
我有一个今天晚上厦门飞北京的航班，可是我并没有订过这个机票。	0
如何为他人取消值机？	5
为什么之前的航程没有在内	0
怎么换座位	5
选座时间在什么	5
设置自动发送乘机证明	13
添加护照	2
美国航班可以值机吗	5
购买延误险	15
你好，添加的家人信息如何修改？	5
你看吗？	11
商旅纵横注册护照上的英文名输入错误 怎样能更改	2
办了值机以后要托运行李，还是要先去换登机牌是吗	17
为什么我的座位被更改了	5
飞机起飞前多久可以托运	15
怎么办理托运	17
为什么小朋友值不了机呀	5
在去哪网购买的机票，可以在机场打印行程单吗	13
任何选择座位号	5
怎么购票	20
瑞丽航空可以在线值机吗？	5
我是值机不成	5
怎么没有护照飞行记录	0
你们只能办值机，不能取消	5
怎么样购买行李托运额	17
宠物托运	17
客服电话号码多少？	1
你好，为什么查询不到我的行程单？	13
塑封冷吃兔可以带上飞机吗	17
水果可以托运嘛？	17
您好，请把和我一起出差的同事牟德生的登机牌发给我一下，报销需要提供，谢谢	13
怎么查询别人是否给我订票	0
儿童取消不了直机	5
为什么不能选座位	5
怎样查看别人的飞行记录	0
帮我取消一下值机	5
带婴儿选座有没有优待	5
安全出口的位置在哪里	5
国际航班要提前多久到达机场	15
请问为他人取消值机的工具箱在哪	5
这个怎么选不了座位	5
18A座位靠窗吗	5
最晚什么时候到机场	15
你好，请问如何选座位	5
网上值机选座几点可以	5
登记手续办理	5
值机怎么使用	5
我国际航班没显示，没法值机	5
我儿子的为什么不能值机	5
军人优先	15
朋友给买的机票如何查询	0
国际航空安检时间	15
你们的服务超级烂 没人回复也就算了 并且给一个永远加不进去的QQ群	15
客服电话可以给我一个吗	1
有些航空公司的票号是8位，怎样手动添加行程	5
为什么不能购买机票	20
别人代买的机票，可以自己付费改签么	15
添加的朋友电话号码如何修改？	2
查询行程单	13
怎么查询自己的返程机票	0
首汽约车订的车，钱付了，订单没有	9
没有办法取消值机	5
为什么我不能值机	5
白痴	11
军人优先可以携带军属吗？	15
飞香港不能值机吗	5
你好，如何取消值机？	5
你好，请问我怎么获取行程单？4.3日的飞机票，机场客服人员说我在第三方买的机票，行程单要在第三方才能打印。	13
瑞丽航空手提行李要求	17
我要取消证件认证	2
为什么没有我出国的记录	0
未来行程要多久才能查到	0
最晚什么时候办托运	15
为什么值机选不了座	5
我的2017年行程为何显示不出来？	0
忘带身份证	18
从哪选座位	5
澳门航空的可以网上选座吗	5
怎么打印发票	13
我这里显示非本人行程	0
如何改签机票	15
你好我16号晚上出行北京，现在没有显示待出行信息	0
在吧	16
可以帮我查询一下机票吗	20
快速选座功能在哪	5
我没有操作过值机，系统怎么给我选定了座位？	5
常用联系人怎么找不到	5
在国外的航班不能添加？	0
添加新证件号码，出现问题	2
春秋航班无法加入	0
你好，我如何帮助别人值机？	5
你好为什么我的预约值机操作不了	5
IOS pro版可提取的最早行程是多久以前的	0
你们的客服电话有没有？	1
24日CA169查看手机值机为什么总显示连接超时，不能手机值机吗	15
你好， 为什么我看不到我飞韩国的行程呢？	0
非本人无法值机	5
儿童乘坐飞机需要身份证吗？	18
从哪里找到我的电子登机牌	3
为什么查询到上限就查询不了了	15
取消座位，显示航空公司退款失败	5
网上值机之后还可以改签吗	15
行程里为什么只有2017年2018年的，没有2019年的	0
要不报销不了	13
能改签？	15
没有买机票，为何显示登机提醒！？	0
ok	6
在么	16
为什么查不到手机选座	5
廉价飞机有免费行李托运吗？	17
怎么查别人的航班信息	0
出票失败什么时候退钱	15
什么时候开始选择座位	5
pro版区别	15
不支持购票？	20
你好！请问机场停车一天收费标准是多少？	8
狗狗可以托运吗	17
明天上海浦东到台湾高雄的HO1315航班，为什么不能手机值机呢	5
我买的泰国航机票，为什么没有显示呢	0
行程单如何打印	13
怎么没法手机选座呢？	5
MF1180选不了座位	5
值机还能托运吗？	5
身份证丢失驾驶证是否可以登记	18
你好，我没有定机票呀？	0
7月13日深圳去重庆的深航ZH9425需要申请一份素餐。谢谢	15
赠送延误险	15
座位信息页在什么地方？	5
被改座位	5
我如何帮我朋友值机	5
出现非本人行程是什么意思	0
一般出什么时候能出电子登机牌	3
天津航空公司能取消值机重新选座位吗	5
你电话	1
国际航班可以显示吗	0
证件已认证，怎么删除	2
开发票	13
为何我的客票不能预约值机	5
FM9451昆明长水14点飞上海，机上有配餐吗？	15
带婴儿能手机选座吗	5
手机值机可以提前多久	5
我可以直接到机场买机票吗	20
孩子值机怎样取消	5
如何认证	2
有人在吗	16
提示我非本人行程，不可值机	5
怎样兑换里程	15
别人帮我订的票，我想查看一下是否订票成功，在哪里查看	0
怎么添加亲属的身份证	2
无免费行李额怎么办托运	17
如何删除同行人信息？之前一起选过座位	5
您好，身份证变更不了，怎么办？	2
为什么我在携程购买的国外航空公司机票，行程里没有显示？	0
飞香港可以值机吗	5
为何无法为他人值机	5
已经办理电子登机牌	3
如何成为VIP	5
同行人添加？	5
定型喷雾可以托运么？	17
购买机票后多长时间可以查询到	20
座位变更	5
打印登机牌	3
可以帮别人选座吗	5
飞机场是否可以办理临时身份证	18
飞机晚点提前多久通知	15
化妆品能托运吗	17
机票可不可以退	15
只能为自己值机吗	5
6.10号出行的行程为什么没有	0
帮别人值机显示没有行程	5
预约值机为什么最多只能选三个？	5
认证怎么不能通过	2
怎么不能定票？？	20
找不到电子客票号	15
添加常用联系人	5
怎样购票	20
我已经生成了电子登机牌。可是我退出页面了。找不到了	3
值机取消不了怎么办	5
行李托运两个人的限额可以一起用吗	17
你好 我有一万多行程，请问可以升仓吗？	4
一直不回复	11
为什么取消不了值机	5
加不了	11
飞机晚点了，还是按照计划起飞的时间过安检吗？	15
T3航站楼是否有顺丰快递	8
我的里程在哪存储呢	15
不能认证	2
无法为孩子值机	5
我给家人定的机票，想提前选座位，怎么操作？	5
热线电话	1
如何进行里程升舱？	4
能查别人的购票记录吗？	0
你是智障吗	11
瑞丽航空儿童手机无法值机	5
常用联系人在哪里添加	5
我怎么选坐	5
怎么预订座位	5
我输入的护照姓名 认证后名字变了 怎么回事	2
我自己不飞的情况下，可以帮别人值机吗	5
国外的电子客票号不是数字怎么办	5
为什么我航班选不了座位？	5
福州到宜昌，宜昌中转到曹家堡要提取托运行李吗	15
谢谢！我试试	6
中联航KN2988R座 能够免费登记的行李重量	17
我要换位置	5
办理发票	13
预约值机连接超时	15
灰色带锁的位置是什么意思	5
紧急出口位置怎么选择！	5
机票怎么订？	20
订单在哪里可以看？	0
我购买机票	20
我6月6日的行程想订素食，怎么定	15
前序航班延误，已经手机值机，可以晚去机场吗	10
儿童怎么改座位	5
我已经定了机票了但是名字和身份证的不一样怎么办	20
我的常客卡号是多少？	19
一共三个人，只预约了两个座位就提醒不能重复预约	5
取消值机必须本人	5
请问亚航的机票怎么添加	0
手机选座怎么操作？	5
删除旧护照信息	2
飞机延误到晚上了，现在让通知正常值机？	15
怎么能再次注册	2
如何取消个人乘机凭证的邮件接受功能？	13
值机预约成功会怎么显示	5
HU7907西安-巴黎，06月11日。啥时手机值机？	5
国外的航空公司能自动显示行程吗	0
明天的航班，今天值机选座紧急出口为什么选不了	5
临时身份证办理	18
在机票搜索上，怎样买票	20
我是想找手机App 航旅纵横上的行程列表-手添行程这项	0
请问靠窗的位置	5
我是在航旅纵横值机的，为何在取消值机时说我是在其他渠道值机的？	5
怎么购买婴儿票	8
证件添加完了	2
显示提交的姓名和已认证的姓名冲突怎么回事	2
之前的机票号如何查找机票已使用证明？	0
香港航空 办理值机	5
还可以打印登机牌么	3
行程添加成功了，却不显示	0
咸阳机场能不能用电子登机牌	3
可以补以前的登机牌吗？	3
為什麼不能線上值機	5
你好，问一个问题。我儿子的下周一个航班加拿大航空的从上海到蒙特利尔直航，加航官网显示是7月23日上海浦东16：50起飞，但在他本人的航旅纵横上显示是7月22日16：50。请问为什么是22号	10
我刚才订的航班怎么不显示	0
境外的航空公司航班之间飞行可以添加历史行程吗	0
你好我的手机重装了系统，航旅要求认证，无法认证	2
在携程上买的票能在这值机吗？	5
你们能寄给我行程单吗？	13
你好 我怎么打印行程单	13
怎么取得电子行程单	13
飞机突然降到浦东，我要取消约车订单	9
全日空航程无法添加	0
如何补打登机牌	3
我要预约儿童餐，素餐怎么做？	15
儿童登机	8
请问值机后还需要到机场打印登机牌吗？	3
请问可以在哪能找到同行人的值机信息呀	5
我想问行李托运是下飞机之后就可以拿吗	17
发送其他人的值机	5
怎么添加乘客	5
重庆T3投诉电话	8
在哪买往返机票？	20
酒可以托运吗	17
你好 证件无法认证	2
麻烦帮我取消值机	5
为什么不能帮助同行者选座位?	5
怎么查询别人的信息	0
无法办理值机	5
你好！请问怎么选座？	5
rl人工服务	1
网上值机好还能托运吗	17
能在这儿买机票吗？	20
可以向你查询电子客票号吗？	15
国际飞行记录	0
该乘客的航班与已添加乘客不同	5
儿童选座	5
手机选座取消不了了，影响改签	5
从哪里看飞行多高	15
我可以去贵宾休息区吗？	8
提示已被其它账号认证	2
用航旅纵横拍的飞行照片在哪里找呀？	15
请问，山东航空我在航旅纵横手机值机后还需要到机场办理值机吗？可以直接登机吗？	5
选座位在手机值机里面吗？	5
为什么座位会被锁定了	5
改期	15
未查到出行行程单	13
帮别人值机怎么取消	5
没有身份证如何登机	18
手机值机以后，还可以打印登机牌吗	5
我预约的37A的座位，为啥现在成了44K了？	5
添加新护照现实姓名冲突怎么办	2
2019年6月16日的航班如何选座？	5
兑换口令怎么找不到了？	14
福州长乐国际机场临时身份证办理	18
提交购票凭证失败	20
机场大巴	8
查看同行人电子登机牌	3
白酒可以托运吗	17
护照中英文名字无法匹配	2
预定接送机	9
无法给同行人办理值机	5
怎么选第一排座位	5
怎么查看全部行程	0
航旅纵横和航旅纵横Pro有何区别？	15
我添加常用人信息时。儿童的出生证明添加不成功。	5
为什么我无权查看自己的信息 为什么提示我开启了行程保护	5
怎么查航班起飞的航站楼	15
互动你妈啊	11
打电话给我！18906015066	1
要如何订机票呢？	20
行程单电子版	13
查询其他人的航班	0
为什么我的航班不能值机	5
您好，我需要退下机票	15
请问10岁孩子怎么进行值机？	5
可以使用此软件取登机牌吗	3
已办理值机，现需退票，无法到柜台办理，如何处理？	15
删除证件	2
如何帮朋友买票	20
怎么样买机票	20
换了手机号	2
如何查看历史行程	0
台湾的航班也可以在这里值机吧？	5
我给别人的买的700块钱的机票，现在写的乘机人是我，又是未使用	20
能改座位么	5
托运行李注意事项	17
怎么预订国际航班	20
Mf8215是延误了吗？	10
行程删除了能恢复没	0
东方航空托运行李限额	17
我是在注册航旅纵横之前买的机票、为什么注册完之后机票没有显示呢	0
为什么值机一直显示网络超时	15
如何添加家里人登机	5
身份证可以查定的机票价格吗？	20
14岁的小孩子，没有身份证，怎么办机票？	18
我那个证件不是我的	2
太费劲了	11
网上办理值机后晚到机场有没有影响	15
手机办理值机业务后到机场是否可以办理行李托运业务？	17
为什么，手机值机不了	5
我想问问这个护照信息输入为什么有些查不到航班	0
你好，问一下，我之前注册的账号没用了，忘记了，怎么办	2
国际航班查不到吗？	0
亲，航班取消了，可以改期，还是？费用怎么退回	15
怎么添加同行人	5
手机无法值机	5
为啥我有的行程看不到	0
带着70多岁的老人，订票时忘记选座了怎么办	5
厦航办理无成人陪同登机方便吗？	5
如何取消帮别人选的座位	5
我为什么不能值机？	5
以前乘机选座记录	0
你好，我们这班机几时可以值机？	15
接机行程单	13
飞机上有没有无线	15
38K是机翼吗？	5
行程保护取消	5
Dz6234在杭州t1还是t3	15
航旅纵横里怎么能查询定的机票	0
在哪里可以选座	5
我需要报销，可以用电子登机牌吗	13
能不能预约2个人的座位	5
给家人一起办理值机，为什么办不了	5
如何改签	15
为什么我添加了同行人，在信息里找不到，再次添加又说存在着呢	5
为什么我不能选座位？	5
怎么进行里程兑换	15
我选了座位了，没看到什么时候值机	5
订票怎么定	20
防晒喷雾可以托运上飞机吗？	17
如何帮婴儿认证	2
然如果我预约的座位不想要，可以选择其他座位吗	5
你们的客服电话	1
延误险怎么买	15
取消天津至乌兰浩特我的值机	5
如何或许随行人员值机信息	5
为什么只能帮2个人值机	5
怎么在线选位	5
可以买延误险呢	15
已经值机的机票能退吗	15
我的航班什么时候开始选座	5
变更账户证件信息	2
我的航班能否免费托运行李？	17
客票暂不支持手机值机，要往柜台办理，这是为什么	5
今天孩子生日，坐飞机有惊喜吗	8
能查到我的行程么	10
应急出口的座位怎样预订	5
输入身份证能查航班吗	0
联程票只显示了第一程	0
在网上购票    到机场拿身份证在自助机直接打印登机牌吗？然后过安检？	5
托运限重	17
亲，我的国际航班都没有显示	0
关键是不知道电子客票号啊！单位统一订的票，你们后台就不能推送给我吗？	15
国际航班没有显示	0
可以增加同行人吗	5
哦	6
禁止携带的物品	17
我在香港国泰航空定的机票在咱们行程里没有显示	0
航班晚点凭证	15
四川航空付费升舱	4
取消值机后还能再次值机吗	5
食品必须进行托运蛮	17
已经办理值机，但是二维码登机牌在哪里	3
如何获取常客卡	19
我换航班座位	15
西藏航空不能手机值机吗	5
我的同行人不能值机，为什么	5
行程没有显示	0
Z H9756航班取消，退票为什么还在审核中	5
值机这里没退我改不了	5
第一次坐飞机不知道相关流程	5
莫斯科机场哪里可以打印国航的行程单	13
没看到预约选座？	5
购买餐食	15
440513199710024026 陈悦燕 名字输错	2
户口本买票	20
携带婴儿值机	5
你好我想帮别人选座可以么	5
添加以往行程用	0
值机好被换了	5
国航飞往日本的航班怎么值机	5
没有导入的形成	0
我的连乘机票只打印出一张怎么办	5
首都机场T3临时身份证办理	18
您好，我这个软件是给15岁的孩子下载的，他要去美国，为了出行方便，老师让下载的	8
已经出行但行程发票忘记搭了，现在应该怎么补办	13
如何推荐朋友下载航旅纵横	15
行程列表需认证才能看，我由于上述原因不能查看行程	2
航班起飞前多久就不能用手机值机了	5
你好为什么我的机票没有显示？	0
无法帮别人值机	5
你好，我需要报销机票怎么处理呢	13
有电话吗	1
我想预约梅咏MU2998值机办不了，怎么办	5
怎么添加乘机人？	5
无法添加港澳通行证	2
手机值机是什么意思	5
为什么不能值机	5
路线图如何添加国际航班	0
我需要联系人工客服	1
婴儿票 值机	5
微信认证不了	2
有航班起飞提醒吗	10
为什么我之前的国际航班没有在航旅纵横Pro上显示？	0
液体物品托运上限	17
中转住宿	7
深圳航空班机可以手机在线为儿童办理值机吗？	5
而且也不显示之后的行程，查不到航班	0
您好，我的身份认证一直做不了	2
我一些今年的行程没有显示	0
办理了托运，到登机口机场有轮椅提供吗？	8
加了qq	11
为什么已显示值机状态，但又不能手机值机	5
请问有电话客服吗？号码是多少？	1
发票怎么开	13
客服电话是什么	1
护照乘坐飞机	18
忘了怎么订机票了，已查询好航班，无法点开预订，怎么回事？	20
婴儿出生多少天可以坐飞机	8
您好 我没定过机票为什么还会提醒我办理值机呢	0
春秋航空公司的航班可以办理手机值机吗？	5
投诉你！	11
为什么我看不到机票的价格？	20
飞机上可以打开蓝牙吗	15
认证的姓名错误	2
想问下，90g的防晒霜可以带上飞机，不托运么？	17
海南航空支持电子登机牌吗	3
为什么孩子不能和大人一起值机？	5
航班保护	5
pro怎么下载	15
身份证过期一周能过安检吗	18
你好，我名字变更了信息显示不出来	2
儿童已经取消值机了，大人怎么取消不了？	5
这是通过身份证提取行程的吗	0
如何进入空中模式	15
调换座位	5
机票自动改期消息	15
你好，我明天飞往珠海的航班什么时候开放占座？	5
资料认证姓名是对的，值机的姓名是错的，怎么办	5
未带身份证	18
你好！怎么取消值机	5
护照英文姓名不符合	2
国际航班没有记录	0
你们客服电话多少？	1
在不？	16
免费托运吗	17
为什么我的旅程数没有导入凤凰知音的会员卡里	15
这个可以升级仓位么？	4
老人如何乘坐民航空机	8
用我的手机为别人订机票不能值机吗	5
怎么取消不了值机	5
昨晚发现有我的航班信息，大连到北京南苑机场。从起飞时间、延误、及到达信息，全有。而我本人并没有乘坐飞机，是怎么回事？	0
非本人航班	0
如何直接中转	7
携带婴儿登记如何取票	3
怎么预订清真餐	15
为什么绑定了护照显示不出行程	0
别人给定的机票怎么查下来没有	0
如何手动添加行程	0
我要取消手机 值机这项功能怎么操作。	5
你好！	16
常用联系人界面在哪	5
你好！持香港回乡证可以先值机选座号？	18
查询乘坐的航班	0
托运收费吗	17
我最近订的机票查询一下	0
手机可以开飞行模式吗	15
我没有定机票为什么出了一张票	0
可以查询他人的航班号吗	0
可以查询值机记录吗？	0
买票点不进去？	20
机上wifi怎么申请	15
为什么会出现自动值机的情况？	5
为什么现在预约选座进不去？	5
预定座位	5
为什么不能自助选座了	5
请问我是8号的飞机为什么现在还没有选座提示呢？谢谢！请回答	5
证件格式错误	2
为什么我预选的座位会调整	5
我选不了座位	5
不能取消值机怎么办	5
怎么看自己机票是否含餐？	15
改座位	5
为什么我的座位被更换掉？	5
为何国际行程没有显示？	0
怎么查询其他人位置	5
我上两天换了那个2011以后的行程	15
航班取消如何取消值机	5
摆渡车怎么坐	8
国外城市之间的行程不显示在行程清单当中？	0
手机值机算换登机牌了吗？	5
怎么在手机上办理值机？	5
化妆品超过100ml可以托运吗？	17
13:05从太原飞往珠海的航班怎么没不开放选座位呢	5
为什么显示已开放值机 缺提取不到我的行程	0
婴儿如何购票	8
常用联系人的添加	5
请问，国际航班提前多长时间可以手机选座直机	5
兰州中川国际机场+临时身份证办理	18
怎么改常用乘客信息？	5
请问我在携程订的机票为啥不显示	0
值机能不能大人和小朋友选择在一起？	5
小孩有户口本，跟大人一起买的机票，怎么选座位和取机票	5
我的怎么选不好座	5
你好怎么帮别人值机	5
预约清真餐	15
查询订过机票价格	20
添加同行人选座为什么不好选座	5
咨询电话	1
补登记里程	15
可以兑换升舱或者VIP么？	4
身份证掉了怎么登机	18
普通人能托运蜂蜜吗	17
预留座位总被调换	5
别人绑定我身份证	2
安全通道	5
春秋航空经济舱登机箱尺寸	17
查询机票次数超过限次	15
吹风机能托运吗	17
提前预约值机	5
还是不行啊	11
两大一小出门，如果我们大人选了座位，那小孩怎么办呢?他是固定的位置还是什么呢？第一次带娃坐飞机	5
怎样才是预约座位成功了？	5
一个箱子，一个包总重不超过20公斤，两个都可以托运吗？	17
户口本可以乘坐飞机吗	18
为什么不能办理值机？	5
为何无法值机	5
为什么不能自己选座位	5
取消选座取消不了	5
WIFI租赁	8
不能提前选座吗	5
拥挤度	10
认证多少个人	5
为啥我不能取消值机	5
别人帮我汀机票怎么查	0
行程不显示	0
持有身份证的幼儿如何办理值机	18
买票怎么操作	20
为什么出国的航班查询不到？	0
没法选座位	5
值机取消失败	5
机翼旁边靠窗的位置有哪些	5
怎么还没有认证审核完成？	2
可以认证几个人	2
航班不支持手机值机，怎么办？还有什么途径？	5
票号在哪里	15
咨询电话是多少？	1
如何选择座位	5
你好！为什么我值机时上面显示非本人不能值机	5
从长沙去日本到上海转机，行李需要在上海再次托运吗	15
怎么退票	15
我自己更换了手机，之前账号忘记了，用手机号登陆，但显示身份证已被认证	2
输入身份证查航班可吗	0
看看我的值机成功了吗？	5
都没有这些怎么坐飞机	5
显示非本人行程，不可值机	5
为什么没有电子客票号	15
为什么无法值机？	5
投诉你们软件更新界面，航班信息字太小，机场字体也太小，颜色也浅，根本看不清，今天造成我走错机场，还是原来界面看着舒服	11
经济舱不能给公务舱值机？	5
值机取不了	5
现在能预约值机返程吗？	5
预定值机，只能选择3个人的吗	5
为什么不能选择安全出口位置	5
所有航班值机时间	15
网上选座后如何打印报销凭证	13
我的航旅显示行程单以打印，	13
值机如何取消	5
有人吗？	16
柜台办理登机牌时间	15
如何帮孩子值机	5
为什么我不能办理值机？	5
你好！我要关联护照，怎么关联，提示我的中文名和英文名不匹配	2
起飞前多久停止安检	15
发票问题	13
为什么你们显示我退票了	0
国际航空怎么看不到	0
扩音器可以带上飞机吗	17
行程不见了	0
不小心删了行程怎么办	0
怎么帮别人用护照号查机票？	0
电子登机牌托运	3
如果取消值机 会不会影响上飞机	5
特殊旅客	15
手机从哪里选座？	5
在哪里升仓啊？	4
儿童如何跟随成人值机	5
可以帮助同行的人办理值机吗	5
没有办法取消值机，怎么办？	5
那你是干什么的？	11
请问一下，我的航班怎么选不了座位好	5
请问，你们这个软件要怎么购买机票呢	20
国际航班免费托运行李重量	17
我是想问我明天的行程有免费托运额吗？	17
预定座位还可以换吗	5
闪退	15
值机怎么不能选同行人？	5
拥挤率是什么	10
您好   我刚定的机票本来是7点多的  但是延误到9点40多    请问我们要几点到机场	15
购票凭证	20
为什么，每次我要添加证件，都是证件格式错误	2
怎么查自己的国际航班	0
open票是啥意思	15
国航ca887值机后不显示行程	5
同航班怎么不能一起值机	5
我选了四个人的值机	5
怎么在次办理儿童值机	5
安全出口	5
添加认证输入身份证号为什么总显示格式错误	2
七十岁的老人乘机有什么特殊要求吗	8
亲😊选座位页面在哪里	5
22号的mu220航班什么时候开始选座	5
在哪添加同行人	5
怎么办理乘机	5
手机值机后，去机场如何办理	5
我一同购买了儿童票怎么没有显示	0
托运行李额度	17
大庆机场电话	1
天津机场值机可以吗	5
OPEN票怎么办理	15
香港回乡证怎么添加常用联系人	5
请问我怎么选座位	5
怎么办理航空公司VIP	15
为什么每次选座位只能选择三个	5
不能取消值机的原因是什么	5
提前多久可以选座	5
值机不能取消	5
申请注销后多久有答复	2
我拒绝这样的答案	11
忘记以前的账号	2
怎么帮别人国际航班值机	5
如何和机场联系轮椅服务	8
怎么解绑证件	2
你好，我手机想把今天的机票取消，怎么取消不了了呢	15
你好，办理值机显示非我本人值机，不可办理	5
儿童值机怎么办	5
为什么我买了机票，今天出发，还没有信息显示的？	0
怎么下载新版	15
南方航空电话	1
怎么打发票	13
我已经加为同行人了，提示我却要现场值机	5
新加坡航空托运一米二的行李	17
我无法取消值机	5
如何添加国际行程	0
我要改期	15
机场雷达怎么开通，开通需要付费么	15
飞机什么时候停止值机	15
时间赶不上托运怎么办	17
已经选好座的同行人，如何为其办理电子登机牌	3
改手机号收不到验证码	2
幫我認證護照	2
80岁老人可以乘机吗	8
如何能查到别人给我订的机票	0
脑梗可以坐飞机吗？	8
办理值机时为什么显示非本人	5
选座位页面在哪里	5
托运行李重量限额多少	17
这个软件可以买票吗	20
12周岁应该买儿童票还是成人票	8
如果查询同行儿童座位？	5
我的行程怎么没有显示	0
想问下，如果买的香港快运的航班，可以添加进来的吗	0
选完座可以改吗	5
为什么看不到国外的飞行记录	0
保险怎么开发票	15
我跟你们反馈了半天有用吗？	11
行程单怎么在这个软件上打印	13
可以提前几个小时办理么	15
买的是gy 1760的，不打折全额机票洛阳到，贵阳，但在电子选择座位的时候，很多都不让选，这是为什么？如果是这样，我还不如买三折四折五折的机票	5
我要投诉！	11
一个二维码可以几个人一起过嘛	3
印尼鹰航的行程为什么导入不进去	0
修改位置	5
值机取消	5
超重提前买	17
电子机票如何过安检	5
可以托运电脑吗	17
你好！电子登机牌什么时间可以办理	3
怎么为他人预留位置	5
植物油可以托运吗？	17
我怎样选座位	5
购票	20
如何查看我下一个行程？	0
订不了票！	20
身份证过期十天左右，是否在乘坐航班时仍可使用？	18
乘飞机可以带小孩推车吗？	17
选座有锁	5
打印登机牌有限制时间吗？	3
托运两个行李箱，每一个9公斤。可以吗？	17
预约同行人坐位可以吗	5
无法选座	5
国内航空如何选座	5
我的升舱订单怎么一直没有确认？	4
怎么订机票？	20
帮我看看16号17:35从福州-南宁的航班显示预警是什么预警呢	10
为什么有些机票搜不到了？	0
添加常用旅客	5
选座添加同行人名字的输入格式怎样？ 外国人 护煦	5
现在没法取消值机了吗	5
中转行李托运能直接到目的地吗	15
福州到香港的机票可以值机吗	5
港澳航班 如何值机	5
只知道身份证号，怎么查询是那个航班？	0
你好，怎么看自己机票有无餐	15
可以帮自己和别人一起选座位吗？	5
怎么进行选座？	5
可以免费托运吗	17
调换座位，	5
如何托运行李	17
发票如何取得	13
怎么查航班	0
我今年从多伦多去古的行程怎么没有显示？是加拿大航空。	0
怎么预订机票	20
手机值机后还能托运吗？	17
首次飞需要注意什么？	5
请问东方航空国际航班不能为同行人选座？	5
6月24日 CA1252飞机 西安飞天津  飞机上有餐食吗	15
已经出票可是没有行程显示	0
能否购买机票？	20
我的姓名进行过变更，如果重新进行认证	2
额	6
有预留座位是否需要重新选座	5
国际航班不能显示吗	0
怎么没有显示我从莫斯科到圣彼得堡的行程	0
出生证明证件号	18
你好，我在系统里要值机选座，系统已经替我选了不能改。座位不好，我要重新选	5
账号注销不了	2
需要纸质行程单报销	13
彩妆可以带上飞机吗	17
航旅纵横客服电话	1
怎么样看座位	5
可以提前托运行李吗	15
怎么不能手机选座	5
可以寄送行程单吗	13
我这有电子票了还要取票嘛	3
飞机延误了2小时，可以晚点去安检吗？	15
麻烦帮我预定3U8438航班轮椅	8
机场雷达如何打开	15
化妆品托运	17
南航可以带多少公斤东西上飞机	17
厦门航空客服	1
托运的行李箱重多少？	17
Pro版本如何下载	15
军魂卡可以升舱吗？	4
祥鹏航空客服电话	1
忘记就账号了，认证不了怎么办？	2
手动添加的行程信息有误，如何修改？	0
用电子登机票时行李箱在哪托运	3
怎么查询机票预订信息	20
飞行轨迹怎么同步热力图	0
怎么在航旅纵横上订票	20
缺少行程记录	0
预留座位不可改选	5
证件已被其他账号注册	2
取消同行人选座	5
行李破损，提起赔偿不超过多少天	8
什么叫值机？	5
非托运行李不能带什么	17
手机选座好了之后，直接拿着行李箱去安检吗？	5
名字改了怎么办	2
我在航旅纵横上升舱的费用怎么开具发票	4
哥哥可以带12岁以下儿童坐飞机吗	18
珠海金湾机场怎么办理临时身份证	18
未满十六周岁乘机	8
座位不可选是什么原因	5
可以查朋友的座位马	5
怎么无法办理网上值机	5
可以提前办理机票和登机牌那些吗	15
身份证认证不了，国内航班没显示，没提醒	2
我并没有购买今天海口飞往潮汕的飞机，为什么提示我有这个行程？	0
预定机票	20
大连周水子机场临时身份证办理	18
如何用航旅纵横查询其它人的航班信息？	0
身份信息已被使用	2
行李若超重了怎么算	17
怎么选择飞机座位？	5
可以帮别人买票吗	20
已值机，怎么换座位？	5
行程结束报销需要电子登机牌	13
怎么查看值机的座位图	5
有人工接听电话号码吗？	1
我怎么添加别人的电子机票？	3
怎么退票？	15
你好！我原来的手机号已经注册过一次，我现在又换了一个新的手机号，我该怎么办理？	2
不能添加同行人怎么办？	5
为什么只能预约两个同行人的位置	5
什么叫正餐	15
ios怎么选座	5
我想要取消值机	5
国航航班值机，同行三人	5
为什么不显示国际航班	0
手机值机提前多久	5
升舱订单如何取消	4
为什么有的历史航班没有显示	0
为什么明天起飞了还是选不了座，说没有航班信息	5
信息全填写好了，但还是选不了坐，请问什么操作呢？	5
查找常用联系人	5
中途要转机的是否需要提取行李	15
如何购买机票？	20
为什么手机不能值机？？	5
取消接机订单	9
客服热线	1
插排可以托运吗	17
你好，有人工吗	16
南方航空的电话是多少	1
怎么注销？	2
自热米饭可以带上飞机或者托运吗	17
我6.12的接机服务想开发票，行程怎么找不到了？	9
英文名与中文名不匹配	2
航旅纵横可以订票吗？	20
点击取消值机无法解决	5
我想订上海至乌鲁木齐机票，点开后找不到订票窗口？	20
怎么改不了座位了呢	5
垃圾	11
open票是怎么来的	15
我要查，我前两天出行机票的发票还没有收到	13
取消预定的接送机	9
你好，在为别人手机值机时提示未找到两天内可办理行程是什么原因	5
没什么我是明天航班却显示是今天	0
现在怎么办理手机值机	5
机票验真	20
我想问一下，如果我想带宠物狗去外地坐飞机，需要准备什么相关证件呢	17
如何添加春秋航空	0
国际航班不能提前选位吗？	5
中转旅客要领取托运的行李再托运吗	15
1在哪个页面找？首页只有手机值机而没有手机选座。	5
我出镜有食品不能带走，我想存放	8
如何为同行人选座？	5
6月19日川航什么时间可以订座	5
您好 如何取消值机	5
我想取消预约座位，完成不了呢	5
伤残证	8
除汗喷雾可以带吗？需要托运吗？	17
为什么定了机票查不到行程	0
怎么拿电子行程单？	13
同行的小朋友不好选座位	5
别人帮忙买的机票可以查到？	0
查询航班失败	0
经济舱锁定的座位不能什么时候能选	5
如何与儿童一起办理值机？	5
你好，可以开发票吗？	13
什么是在线值机	5
22寸行李箱需要托运吗	17
我怎么可以提前选座？	5
行程单号	13
飞机延误多长时间才给予理赔	15
找不到登机二维码	3
在哪里打开电子登机牌	3
为什么不能选座呀	5
我现在因故误机了，如何取消原航班值机?	5
2019年已飞公里数	15
电子客票号怎么查	15
国际航班可以选座吗	5
去你妈	11
你好我想知道我这个航班有免费托运行李吗	17
同时办理了五个手机值机，其中两个办不了，为什么？	5
衣服能不能带上飞机	17
机场可以办理临时身份证吗	18
被限制了是什么意思	15
只凭身份证怎么查航班	0
如何查询联航的机票座位等级	20
需要托运行李的能手机值机吗	17
你好， Ruhr 看到 一七年以前的飞行	0
请问，白酒可以不托运了	17
怎么添加常出行人吗	5
特价机票，如果航班因天气影响而导致延误取消，怎么办	15
买票时名字写错一个字怎么办	20
认证提示认证格式错误怎么回事	2
总是认证失败，说证件已被其他账号占领	2
首都机场临时身份证办理	18
龙嘉机场电话	1
请问西部航空客服电话多少？	1
为什么儿童不能办理值机？	5
儿童乘机需要带户口本吗	18
如何办理选座	5
蚊香液可以托运吗	17
儿童证件	18
您好，我的钱包遗失在客舱里了，能帮忙找一下吗？2019年7月13日昆明长水机场飞往北京的海南航空HU7112次航班	8
请问怎么改签	15
添加同行人，显示我重复预约是怎么回事？	5
我值机不了，为什么	5
怎么办行程单	13
廉航信息是不会显示的吗	0
没带身份证怎么办	18
手机上可以打行程单吗	13
选座时说我不是本人	5
人工客服电话	1
国外航班没显示的吗？	0
查询航班hu7232	0
客服电话多少？	1
别的app导入行程	0
如何二维码登机	3
怎么预定清真餐	15
东航北京头等舱休息室电话	1
飞行计划在哪看	0
沐浴乳可以托运吗	17
护照认证需要多久？	2
你好，我购买的7月11日九元航空的机票，可以提前手机值机么，如果可以，提前多久可以。	5
怎样查别人的航班信息	0
首页不显示行程	0
为何我购买的韩亚的航班。。航旅纵横上没有显示	0
怎么分享航旅纵横	15
请问一下，带的计算机可以上飞机吗？里面有电池，需不需要拆开看	0
取消值机失败	5
你好。为什么我新买的航班信息在行程里面不显示。过了好几天了。公司给买的票，我这没有购票码，不能手动添加。请问有别的办法吗？	0
提取行程	0
收不到注册验证码	2
为什么我购买不了票	20
为什么南方航空不支持手机值机	5
身份证读不出信息，如何办理登机	18
你好别人帮我预订的票我怎么显示在航旅纵横上呢	0
东航值机好可以在自助机上打印登机牌吗	3
只有身份证号码怎么注册	2
快速安检	15
办了值机还需要换登机牌吗	5
坐飞机需要提前多久？	15
怎么选座位呢	5
28寸的行李箱可以托运吗	17
我在app上存了500元机场接送服务的预付费，请问是神州专车吗？	9
你好，身份证找不到了，可以使用户口本登机吗	18
智障	11
验证码信息	2
发票的单号哪里看的到	13
同行人选座	5
怎样联系航空公司	1
怎么换积分	15
打扰问一下。70岁，做过心脏支架的可以坐飞机吗	8
请问托运行李的要求和流程是什么	17
登机时间提示错误，导致我没有登机。如何处理	10
不能添加同行人	5
没有免费行李额是什么意思	17
你好，报销凭证可以在机场打印吗	13
办理贵宾卡	5
如何修改认证信息？	2
证件格式错误是为什么	2
你好，问下春秋航空为啥在行程显示不出来	0
电子登机牌二维码从哪获取	3
国际航班延误赔付	15
从贵平台下的接机服务，但是车没有按时出现，现要退费，怎么处理？	9
为啥有时不能值机？	5
非本人行程，不可值机	5
如何打印以前的登机牌	3
为什么只能添加2个同行人	5
我已值机，行程里怎么不显示座位号呢	5
请问如何为同行旅客选座	5
网上值机成功还需要再办理值机吗	5
为什么我之前定好的座位被换了啊！！！	5
在线客服	1
怎么退值机？	5
那为什么我朋友的同样航班是可以预约的	5
接送机服务	9
里程兑换	15
为什么春秋航空的没有记录	0
为何手机不能选座	5
航旅纵横能订机票吗？	20
为什么预约成功的座位，会被无缘无故的调换?！	5
选座位怎么选	5
我的和我朋友带小孩的都已经选起了，就我家小孩的选不了，是什么原因	3
您好，查询2012年行程	0
常用联系人页在哪里找	5
我们一家三口出去，怎么才能一起值机	5
网上值机完可以直接登机吗	5
沈阳到泰州 行李托运怎么收费	17
机票发票在哪里打	13
为什么我办理值机确不让我选座位啊	5
怎么为儿童手机值机	5
坐国际航班，扫地机器人可以托运吗？	17
我明天从烟台飞上海的机票，没显示	0
为什么我的行程没有显示	0
手机值机在那里了	5
青岛机场可以用电子登机牌吗	3
出票了在哪选座位	5
请问飞机延误了，手机上也值机了，还需要按延误前的准时时间去值机吗	10
你好麻烦帮我取消值机	5
电动剃须刀必须托运吗	17
如何查看照片	15
怎么定票	20
加你们QQ为什么，还没有通过	15
网上值机可以行李托运吗	17
怎么选座号	5
怎么选不了座位呢？	5
你好，我想取消两个人的值机，为什么只能取消我自己的	5
你好，如何添加好友的航班信息	0
笔记本电脑能托运吗？	17
值机后无法修改	5
怎么样取消值机	5
土耳其飞马航空可以添加吗	0
怎么没有值机了	5
您好 怎么改签	15
天津航空，西安直飞伦敦，行李限额是多少	17
阜阳飞往昆明的飞机可以网上值机吗	5
往返机票在哪查	20
重庆江北机场晚上关门吗？	8
机票发票	13
打印购买机票的凭证	13
如何取得纸质行程单，用于报销	13
为什么预留的座位被别人抢了	5
可以订机票吗	20
为什么我直机不了	5
为为什么实名认证后没显示明天的行程？	0
问下为什么我的国际票行程不显示了	0
订票支付方式用微信可以吗	20
行程一直显示使用中	0
无托运行李，手提五公斤	17
如何代他人选国际航班的座位	5
怎么托运	17
更换手机号	2
为啥直接显示非本人行程无法直接	5
怎么查看所有的已飞航线	0
登机牌可以补打吗？	3
如何为4人同时选座	5
延误了为什么没给旅豆	14
港澳机票查询	20
如何打印国航登记牌	3
限制访问次数	15
如何确保一家三口人坐在一起？	5
没有换座选项	5
请问长安航空为什么不能值机	5
我九日下午乘国际航班  我没买头等座  有幸成为贵宾的  想知道  谢谢	5
国际行李托运可以多少重量	17
已打登机牌如何取消值机？	5
为什么不能手机值机呢？	5
阿胶糕可以托运吗	17
你好，两个人同用一个行李箱，托运限量可以叠加吗	17
如何查看我未来的行程	0
有行李的可以网上值机吗	17
你好，我订了明天的票，但查不到我的航班信息	0
电脑可以托运么	17
选座是显示信息保护	5
背包可以行李托运吗	17
怎么选座位	5
我的行程不翼而飞了	0
你好，请问怎么在你们平台上选择座位	5
手动添加了行程，一直没有通过	0
∴长春深航在哪个航站楼值机？	15
请问如何帮孩子一起选座？四川航空的机票，成都飞温哥华	5
港澳通行证订票	18
老人乘机需要什么条件	8
请问父母能帮11岁孩子在手机上办理国际航班的值机吗？	5
洗面奶能托运吗?	17
这个app在哪里买机票	20
如何提取相片	15
紧急通知座位能选吗	5
MU8889明天浦东飞美国西雅图的航班有网上值机办理么？	5
怎么帮随行的家人办理值机呢	5
买机票	20
为什么添加身份证号上面显示证件格式不对	2
我有行程没有显示	0
红土航空为什么不能手机值机	5
不准携带物品	17
登机证明	13
是到柜台上办理机票吗？	3
注销要多久	2
白酒托运	17
为什么机票查询没有折扣显示？	20
行李托运停止时间？	15
手机值机后，可托运行李么	17
为何添加家人信息保存时显示证件号格式错误	2
怎么值机呀	5
用手机登机牌可以托运行李吗	17
加了QQ ，没有人验证？？	15
怎样取消执机	5
我想问问，为什么我们从三亚飞日本的机票查不到	0
我想问下那个常客卡怎么办理	19
我的OPEN票的期限到什么时候？哪里可以查询	15
为什么我的座位被更改	5
国航航班行程查不到	0
前排座位，预选需要加费吗？	5
注销认证需要多久	2
电子发票需要取票马	13
儿童机票怎么选座位？	5
联程票的行李如何中转	15
你好 怎么选座	5
修改密码	2
同事帮忙订的航班，能查到航班号吗	0
你好！请问我可为他人申请四川航空的升舱服务吗？	4
机会升舱	4
我今天的行程怎么看不见	0
能买机票吗	20
军人证件怎么添加	2
飞机托运酒	17
怎么办理值机，怎样删除常用旅客	5
你好。	16
小孩可以办理值机吗	5
加了QQ 没通过	15
飞机延误 退票	15
有人吗	16
谢谢小横！再问：国航、山航、南航、东航等其它航空公司的机票啥时候可以在手机APP上购票呀？	20
小孩子做飞机需要带什么	18
接送机专车发票开不了怎么办	9
选安全出口前面的座位	5
值机后可以打印纸质机票吗	5
你死了	11
我还有3个未预约座位	5
有人工客服吗？	1
有人工吗	16
你还是没解决	11
两个人同时预选座位，我怎么看同行人是否已值机？	5
你们的人工客服电话多少	1
为什么厦门航空儿童不可以值机选位？	5
请问在哪里选我想要的座位呢	5
app如何买票？	20
页面哪里自助选座位	5
一个大人一个儿童怎么值机	5
怎么添加行李托运？	17
如何把选好的座位分享给其他人	3
请问怎么判断是否行李直挂	15
28寸行李箱可以托运吗？	17
忘记带身份证可以乘坐飞机吗	18
手机选座位在哪	5
一个月的宝宝做飞机需要注意什么？	8
为什么我实名验证后没有往期的航班	0
那没有糖尿病就不能托运吗	8
帮我取消HU7505的值机	5
我已认证过，只是删了APP，重新登录时显示还要重新认证，而认证时又显示已被认证过。	2
是不是还没开始选座	5
订完票怎么不出订票信息	20
加QQ群还没通过	15
婴儿乘飞机	8
无成人陪同儿童	5
我取消不了值机	5
超重	17
注销需要多长时间	2
有人工服务吗？	1
我都没有注册过、为什么显示我的信息已经被注册了	2
我没有身份证怎么办	18
请问今天的值机信息为什么一直没有收到	5
带婴儿怎么值机	5
中国联航行李限额	17
你好，请问有没有客服电话	1
儿童如何打登机牌	3
想添加家人信息如何添加	5
如何购买机票	20
如何查看小孩行程	0
怎么补登里程	15
bie别人帮我买的机票，我怎么选座	5
我帮家人买了两张票，我可以帮他们选做吗	5
儿童坐飞机需要户口本吗？	18
你好，没有身份证怎么办	18
我只有2个同行人呀	5
预约的座位后来变成了锁定是什么情况	5
没有改退，显示非本人行程	0
身份证丢了，乘飞机怎么办	18
只能柜台办理取消值机怎么办？	5
为什么有我没订票的行程	0
请问从胡志明市到广州白云机场，托运一件行李不超5KG需要出拖运费吗？	17
你好，我们是川航，刚刚给孩子办理了手机值机，孩子的登机牌是不是只能到柜台去打印，不能用自助机器打印啊？	3
首都航空公司服务热线电话是多少	1
飞机航班号怎么查	0
网上值机了，如何取消机票	15
客票监控在哪	15
国泰航空无法提取行程	0
查找口令	14
我六月二十号西藏航空希望办理值机，怎么办不了	5
可以托运液体防晒霜之类的吗	17
从哪个地方买票？	20
身份证丢失可以乘机吗	18
什么是常客卡	19
郑州机场地服电话	1
登机规定	5
有没人工服务	1
买了保险，延误4小时以上如何理赔？	15
修改证件信息	2
小孩子不能直机吗	5
行李托运如何收费	17
怎么绑定护照	2
定了机票这边怎么没有显示呢	0
怎么帮朋友跟我一起预约值机	5
怎样才能看到自己的机票订单和行程	20
为啥我值机之后我的行程没有了	0
如何删除联系人	5
国际机票在哪里可以查到	20
手动添加行程	0
怎么提取2011年的行程	0
如何显示以往全部行程	0
行李托运有件数要求吗	17
海航的行李限制是多少公斤？	17
哪里下载pro	15
国际航班网上值机提前多久开放？	5
你好我在软件上已经值机，是不是我赶飞机起飞前登机就可以？不用按照票上的时间？	15
国外的行程为什么不显示呢	0
不会回信息吗？	11
我要求退票	15
在哪里打印发票	13
有没有人工客服啊	1
我的身份证怎么被绑定过	2
怎么添加通行人	5
国际航班多久停止托运行李？	15
托运多少钱	17
可以帮别人选座位吗	5
我需要注销	2
海南航空柏林飞北京可以托运多重的行李	17
提取2011之前的行程后为什么还不显示	0
烟和酒能托运吗	17
电脑网上怎么值机	5
预定儿童餐	15
如何网上办理选座位	5
证件认证失败	2
怎么查询航班信息	0
你好，请问港澳台乘客可以办理网上值机么？	5
如何取消乘机凭证	13
请问，托运可以带剪子，螺丝刀，钳子之类的东西吗？	17
登机牌在哪里找	3
别人订的票我怎么查询航班信息	0
我预定接机，现在航班取消，如何处理	9
之前的行程还可以导入吗	0
怎样提前选择座位号	5
～有一张机票，张国柱的明天飞往长沙的11:40停飞了，要求取消选座	5
国际航班托运规定	17
这个软件怎么越来越垃圾了，国际航班不显示，国内航班也不显示	0
未成年可以在没有监护人陪同下乘坐飞机吗	5
我朋友帮我买的机票该怎么查询	0
联程行程查询	0
历史航程中拍照，在哪里查看	15
客服电话多少?	1
找不到座位号	5
麻烦查6月20号青岛飞昆明，纪宇轩的座号，谢谢	5
能不能用别人的手机号码进行认证	2
行程没有更新	0
指甲油可以托运吗	17
请问	16
报销凭据	13
航旅登机牌在哪里？	3
怎么添加行程	0
票价	20
我行程没显示？	0
啥时值机	15
在哪里选座	5
请问橡皮泥可以带上飞机吗	17
怎么添加亲属行程	0
航班延误赔偿	15
票退了还会显示吗	0
怎样帮别人取消值机	5
乘机证件有哪些	18
人呢	16
笔记本电脑可以托运吗	17
座位可以选四个吗	5
请问上海航空公司的航班可以在航旅纵横上选座吗？	5
为什么取消不了我的值机	5
航班起飞前多久可以办理值机	15
我要查询我预定的航班	0
我的行程没有同步到行旅纵橫	0
请问可以帮朋友值机出电子登机牌吗？	3
儿童坐飞机带什么证件	18
网上订的座位A6、现在变A13啦、怎么回事？	5
婴儿要不要选票	5
婴儿能不能在航旅纵横App中办理值机？	5
预约值机为何只能添加两位其他乘客	5
婴儿乘坐飞机需要提前报备吗？	8
帮朋友选座位后可以出电子登机牌吗	3
请给一个人工服务电话	1
大人已经办好值机选好座位了 但是儿童不可以值机 孩子太小两岁半不能和大人分开坐的	5
后来就没理他了，为什么我的航旅纵横不能注册？	2
你好，可以帮别人值机吗	5
你好，我的一个证件已丢失作废，可以注销吗	2
如何预留座位	5
为什么不能预约值机	5
常用联系人管理	5
为什么有的座位选不了	5
查询有没有订好机票	0
为何不能值机	5
武汉天河机场客服电话多少	1
航线图为何没有显示我最近的这个行程？	0
请问座位信息页在哪里	5
更换身份证	2
怎么查询航班是否延误	15
输入正确的航班信息和个人护照信息后，为什么显示非本人行程	5
预约选座可以比正常选座更快选到座位么	5
同行人信息在哪里修改？	5
请问有手机自助值机教程吗	5
机票能改签吗	15
麻烦问一下，我想知道如何预选第二个行程座位	5
手机值机后，是不是可以直接去登机口登机？	5
我想打航旅纵横客服电话	1
可以用手机选座位吗	5
舱位等级与已添加乘客不同	5
我要注册，怎么操作	2
怎么查询朋友的机票有没有订上？	20
怎么预选座位	5
怎么注册常客卡	19
如何查看以前的机票	20
维珍航空可以值机嘛	5
值不了机	5
怎么取消或修改已认证的证件	2
我没有办理值机，app自动帮我办理值机了	5
浦东机场提前多久换登机牌	15
你好，可以打行程单吗？	13
行李额购买票号是啥？	17
办理完行李托运之后可以用电子登机牌登机吗	3
我今天手机值机，结果显示，我出现了行程的保护，但是我并没有开启，不知道是为什么不能值机。	5
vj605免费托运行李	17
明天下午16:35呼和浩特飞贵阳现在可以选座吗？	5
为什么我这航班不能选座	5
跑买票吗	20
新手机号被注册	2
为什么值机后改不了位置	5
可以订机票吗？	20
为别人买机票怎么样在航旅纵横选坐	5
添加证件后，将要出行的计划为什么显示不了？	0
在没	16
如何帮朋友选座	5
我的航旅纵横，为什么不能手机值机选座	5
脑残	11
证件被占用	2
有没有祥鹏办理退票电话	15
为什么该航班不支持手机选座呢	5
护肤品150ml 可以托运吗？	17
乘坐飞机禁止携带哪些物品？	17
你好 我要删除认证证件信息	2
身份证号掉了怎么坐飞机	18
客服电话多少号	1
国际航班为他人值机	5
接送机订单如何取消	9
想知道以前的行程 但是手机号换了	2
暂未找到你的行程	0
办理电子值机还需要托运怎么办	17
我在购买机票的同时没有购买意外险	20
为啥有的座位锁着	5
值机预约记录	5
飞行模式怎么开	15
为什么春秋航空不能值机	5
为啥预约值机三位之后，无法继续预约？谢谢	5
北京/兰州晚7.10分的在机场2号航站楼还是3号航站楼登机？	15
你好 请问乘机发票怎么打印	13
是否值机成功	5
取消值机后可以再次值机吗	5
怎么补打登机牌	3
请问艾草香囊能过海关吗	15
最晚提前多久到机场	15
我已完成6月4号的，为什么还是不能预约9号的值机？	5
添加同行人	5
哪些动物可以托运	17
人工服务电话	1
账号已经被认证 但是原来的账号忘记了怎么找回	2
怎么报销	13
我怎么取消同行人的值机	5
食品能托运吗	17
2016-2017的行程有吗	0
你好为什的我未来的行程没有显示	0
怎么打印电子客票行程单	13
飞机延误险有用吗	15
退票怎么办	15
怎么帮同行人值机	5
机票掉了还能补办吗	3
有约选座提前多久	5
怎么买飞机票	20
怎么取消帮别人选的位置？	5
部分座位锁定，无法选择	5
选座位看不到飞机翅膀	5
请问在哪里选座位	5
能帮我查到机票吗	20
有电话咨询吗	1
