label	text_a
56	为什么我在其他国家的飞行记录没有显示
118	查询有没有订好机票
84	航旅纵横上只能选3个人的座位嘛
3	选座有费用吗
6	客服电话多少？
3	儿童可以注册吗
156	订接机服务，订单有误，用户取消订单为什么不退费？
55	请问，国航美国客服电话？
5	为什我的手机无法值机
6	人工客服
3	换绑邮箱
134	收不到验证码
37	我订的是新加坡航空公司的航班 可以在这个APP上办理值机吗？
57	行李限额是多少？
3	我是国航
24	你好
40	网上值机完可以直接登机吗
3	怎么回事啊
23	我现在因故误机了，如何取消原航班值机?
92	我添加别人，为何显示格式错误
36	为什么你们显示我退票了
3	水果
71	路由器可以托运吗
28	取消值机不成功
125	儿童乘机
139	买的是gy 1760的，不打折全额机票洛阳到，贵阳，但在电子选择座位的时候，很多都不让选，这是为什么？如果是这样，我还不如买三折四折五折的机票
3	工具箱在哪里？
171	怎么取消预约选座
51	起飞前多久停止检票
160	值机后怎样获得纸质登机牌
3	企业合作
3	客票预定是什么意思
98	怎么添加不了同行人
6	客服电话
3	信息验证失败
5	我是值机不成
55	航空公司电话号码
96	为什么值机后改不了位置
17	请问邮寄飞机票和行程单需要邮费吗？
3	经济舱N是什么
24	你好
56	国际航班能添加行程吗
3	航班动态查询什么？
14	能带防晒霜吗？
3	化妆品可上机吗？
3	哈尔滨机场有吃饭的地方嘛
19	知道了，谢谢。
3	wallet
3	😡
109	您好，身份证变更不了，怎么办？
95	新版本为什么没有显示拥挤率灯信息
5	我定的8h4980机票，为什么不能手机值机，不能出电子登机牌
166	请修改认证的姓名
3	52之后的为什么不可以选呢
23	取消值机
160	用航旅纵横APP给自己和家人选座值机，生成了一个二维码（登机牌），我们还需要换纸质登机牌吗？这样一个二维码，可以让我们同时过安检和登机嘛？我们不需要办理托运。
5	为什么选不了座
3	你好，我今天收到两个出票通知，都不对，请帮助查询
3	人工
49	国外航班不会显示吗
55	怎么投诉航空公司
47	请问国外廉航的航班号无法添加怎么办？
254	你好，5.19我在你们这里办理了川航的机会升舱，发票你们怎么给我？
17	怎么拿发票
24	你好
132	我在app上存了500元机场接送服务的预付费，请问是神州专车吗？
3	停止值机
3	怎么充值呢？
166	认证的名字错误，需要取消重新认证怎么办
79	网上值机可以行李托运吗
13	如何在线选座位
49	为何我购买的韩亚的航班。。航旅纵横上没有显示
23	取消天津至乌兰浩特我的值机
3	hu7815座位分布图
71	哪些动物可以托运
130	吸烟区
5	为什么客票不能值机
24	*吗
21	证件添加完了
17	你们能寄给我行程单吗？
139	灰色的是选过吗
17	怎么报销？
3	济州岛
43	航旅纵横支持国航，南航，东航手机值机吗
3	我付费了，你们却没有提供任何服务。我找哪里投诉啊，要求退费给我
3	值机记录
5	还有一个朋友选不了座怎么办？
3	工具箱在哪
3	电子登机牌
28	值机取消不了这么办
127	军用迷彩背囊能随身携带上飞机吗？
3	您说的我不会操作
160	有电子登记牌了 然后想打印纸质的登机牌可以吗
3	能不能帮忙看看机票上的名字跟身份证上面是否一致
14	化妆品可以带吗
23	我想取消值机
28	无法取消座位
3	怎么取消Wallet添加
74	为什么微信认证不了
50	持有身份证的幼儿如何办理值机
3	？
3	手机选座位
11	请问小孩怎么认证身份?我想选机票座位
3	在这儿提供吗
7	什么时候开放选座
171	我要取消预约座位
30	怎么看过去的航班
71	中医药液可以托运吗
3	机票搜索原来可以看到舱位，怎么现在看不到了
3	电子客票
26	我想为我同一航班的朋友一起选座，怎么操作
139	座位不可选是什么原因
2	订票
200	新加坡过境签
13	选坐位不知道在哪里操作
23	取消值机
96	如何取消朋友的值机？
50	婴儿登机证件
13	我要选座
3	护照可以代替身份证吗
57	随身携带行李有重量限制吗
70	设置自动发送乘机证明
3	我己反复操作了十几次了，无法加载，
44	您好 我没定过机票为什么还会提醒我办理值机呢
5	航班不支持手机值机
3	为什么会有这个行程？
199	持有电子登机牌办理行李托运是否还需要补打纸质登机牌
195	我要取消证件认证
3	航班无法关注
23	我想要取消值机
31	免费拖运行李的重量是多少？
32	选座成功提醒不
3	怎么回事呢？
14	坐飞机可以带防晒霜吗？
44	我这里显示非本人行程
69	我如何查看 我儿子的航班信息
128	因为修改座位问题投诉
3	电话
3	如何点票
134	输入验证码说是错误，然后重新获得验证码又说号码已经使用？是为什么呢？
5	我已经加为同行人了，提示我却要现场值机
71	托运牛奶多少液体
2	港澳通行证能否订票
45	值机添加其他乘客
3	人工
3	为什么只有这2个座可以选
3	电子回程单
17	电子发票在哪里？
14	蓝牙耳机可以带飞机上不
156	预约接机，司机没有来，退钱给我
12	怎么进行为他人选座？
3	我知道服务电话，就是打不通，怎么办？
5	Ca1321航班无法值机
3	手机不支持
12	我能用航旅纵横给别人选座吗
57	两个人的行李额度可以放在一起用吗
3	号
180	航线图如何查看
204	打印登机牌有限制时间吗？
11	为什么厦门航空儿童不可以值机选位？
3	账户信息
85	注销需要多长时间
25	为什么我的证件已经被其他人注册了呢？
13	我要选座
3	动车和飞机行程同时显示
17	是否补打行程单
167	为什么上传的行程没有审核成功
3	如何办理
3	我怎么看到我的同伴的信息呢
3	人工
14	可以带电动牙刷吗
60	回乡证如何提前预约值机
31	托运限重多少？
30	怎么查看我的历史行程
3	必须托运的行李有哪些
68	福州到宜昌，宜昌中转到曹家堡要提取托运行李吗
5	值机没有蓝色座位给我选
69	怎么帮别人用护照号查机票？
14	能带50ml 止汗走珠液上飞机吗？
3	我的行李寄存优惠码不能扫为什么
3	17702937676
60	如何提前预约座位？
3	我朋友的电子行程单为什么会发送至我的电子邮箱里？
73	7.1号到贵州铜仁凤凰机场现在可以购票吗？
12	帮他人选座
127	可以随身携带武汉热干面吗
79	选座位后，能办理托运吗？
33	衮
49	几年的旅行信息都没有了
24	你好
3	航行记录
82	如何补打登机牌
56	我是在注册航旅纵横之前买的机票、为什么注册完之后机票没有显示呢
3	值机
3	怎么解决
123	如何升级pro
3	你会不会看问题
13	怎么样选座位？
3	行程显示出错
3	旅豆中心在哪里？
3	什么情况
7	看不到选座这一项就是还没开放选座吧
111	你好，我们是川航，刚刚给孩子办理了手机值机，孩子的登机牌是不是只能到柜台去打印，不能用自助机器打印啊？
57	联航随身携带背包收费吗？
14	随身携带香水有限制吗？
13	如何手机选座
11	儿童票无法选座？
52	手机可以开飞行模式吗
5	为什么该航班不支持手机选座呢
3	怎么找人工？
166	我改名字了
3	截屏
55	厦门航空的客服电话
139	我所在的座位已被占用或锁定
3	首都机场有几个航站楼
142	飞机上手机要不要关机？
148	电子行程单在哪里查到
65	有预留座位是否需要重新选座
13	我怎样选座位
3	具体
23	怎么样取消值机
25	这个不是本人的证件
3	逾重行李
69	可以用身份证查订单吗？
74	台湾通行证认证失败
24	晚上好
2	如何购票？
3	你们的信息有误
1	我换航班座位
14	化妆品能带多少上飞机
59	海航的行李限制是多少公斤？
6	人工服务
210	怎么查询以往的飞行里程
74	你好 证件无法认证
23	值机了怎么取消
96	帮助别人手机值机，现在如何取消？
27	口令忘了，在哪里可以看到
14	电饭煲能带上飞机吗
117	失物招领
3	我是国行
3	支付宝认证微信认证身份证认证有什么区别
47	你好，春秋航空怎么不显示
20	你好 我上个月有个15号的飞行记录 南方航空的
24	你好
49	为什么我的国际航班行程没有显示
17	行程单要如何获取？
11	儿童为何不能值机
6	人工客服？
201	孕妇人工安检
18	开延误证明
3	1.60958E+12
3	2008年行程
3	为何取消失败
3	什么意思
15	手机号丢了
32	是否值机成功
3	认证信息有误
14	可以带上飞机的液体是多少
3	计算机离港系统控制
182	我的钱包在哪里
143	已经注册，忘记密码
12	如何帮别人值机
14	飞机能带海鲜吗
3	儿童免费吗
15	想知道以前的行程 但是手机号换了
3	充电宝
23	我要取消值机怎么取消
3	工具箱在app哪个位置
3	手机验证
14	洗面奶可以带上飞机吗
14	防晒喷雾可以带嘛
92	证件格式错误
11	为什么儿童不能办理值机？
60	为什么现在预约选座进不去？
12	我可以为家人办值机登记？查询家人的电子客票号吧
14	家乡味肉制品能带吗？
14	可以带水果上飞机么
49	我今年初去马尔代夫旅游的行程为什么没有提取出来？
60	预约值机
49	去国外的行程没有
179	open票是啥意思
30	联程行程查询
51	托运行李最迟需提前多久
3	我们一行人，有的人可以操作，我们操作不了啊
184	帮我看看16号17:35从福州-南宁的航班显示预警是什么预警呢
4	80岁老人可以乘机吗
6	我要人工客服，
17	你们这个可以打发票吗
3	清凉油
3	人工
3	为何一直登录不了的
3	电子票号只有十一位
23	过了值机时间取消值机
7	你好，我是明天中午十二点飞机，请问网上选座几点开始
31	请问，从美国回中国，托运2件行李的重量是多少？谢谢您
3	人工
51	提前多久到
3	航旅纵横是我一直都使用的出行必备的App很好👍！可是这次改版后字体太小了看不清楚，还找不到改大字的按钮，你们能不能改进一下新版的大字体呢？
69	输入身份证能查航班吗
28	我要取消选座，取消不了
28	我取消不了值机
30	我想查一下2018年12月8日我乘坐的航班
64	安检托运程序
3	我想问下
5	不支持值机
14	蒸汽眼罩可以带上飞机吗
30	查询坐过的航班
49	我有一个2019年7月16日北京到韩国金浦的行程为什么不显示那
6	人工客服
28	取消值机失败
56	怎么我有一个7月6号的行程没显示呢
14	飞机能不能带口服液
3	想了解加入行程
102	电子机票在哪里
3	有一张不是我定的机票
3	麻烦您？
3	航班时间变更
3	跟携程客服人工也确认过已经取消
3	那每次值机都要更换手机号?
125	儿童乘机
3	鲜花
3	接人举牌
2	可以买机票的吗
3	怎样加入微信群
3	ELD开通失败
150	我想关联我的港澳通行证，为什么老是说我的中英文名字不匹配
60	怎样提前选择座位号
30	儿童票在哪里查行程
13	如何办理值机，未找到
3	请批准
64	第一次坐飞机不懂怎么办
209	怎么订往返机票
6	人工客服
169	添加成功的航线没有展示
3	证件错误
64	网上值机后如何登机
41	7月11号去三亚的厦航的机票价格是多少？
3	操作完成不了
51	托运和办理登机牌需要提前多久
132	预定接送机
3	值机信息错误
5	不能值机
3	我的个人主页设置了为嘛没通过
12	bie别人帮我买的机票，我怎么选座
3	托运行李箱
56	一年半前去澳大利亚的航程可以添加吗
128	能改座位么
70	乘机证明
14	飞机上能带零食吗
3	不回复呀也
3	还是无法添加
37	东方航空航班可以在航旅纵横上值机吗
3	人工
3	我值机为什么显示不是我本人的形成
3	证件信息错误如何处理
2	我可以直接到机场买机票吗
3	你发个链接给我，我好下载
178	圆通快递，长春市高新技术开发区三佳新村B栋109单元13514413309朱立春
145	302422066找不到群
13	怎么选择飞机座位？
3	如何提前申请
80	可携带和不可携带规定
3	20村可以吗
14	国内航班可以带小型植物吗？多肉？
58	还需要到窗口办理登机牌吗
6	有电话咨询吗
40	手机值机后还需要打印登机牌吗？
3	怎么添加
3	充电宝
3	证件校检失败
12	能为别人选座吗
3	我输了大通证号码，报错信息号码不对
3	没结果
11	小朋友怎么直机
3	酒
3	你真美
3	延误一小时
24	你好
3	需要关机吗
13	在航旅纵横上办理值机
56	太早了 只记得具体日期和时间可以吗 没有客票订单或者照片了
31	航班免费托运行李多少斤
3	请回答，谢谢
145	回复太慢。QQ群是加不进去。
51	国际航班多久停止托运行李？
3	美国出入境常识
24	你好
42	有快捷登机牌可以不永身份证吗
24	你好
25	证件被占用
2	怎么在航旅纵横上订票
3	人工
56	国内行程会自动导入嘛
114	你还，买飞机票时已经预定了座位，那在航旅纵横上就不用在选座位了吗
23	～有一张机票，张国柱的明天飞往长沙的11:40停飞了，要求取消选座
57	南苑机场行李有什么要求
28	取消不了值机
85	多久能彻底注销
5	为什么我不能选座位？
6	你好，可以打人工客服吗？
8	你好 我要删除认证证件信息
131	第一航段的飞机延误，第二段的飞机怎么办？
3	管理员不加
3	在这个软件里面怎么看
3	这就是我的
3	认证证件格式
6	转人工
30	请问在哪里可以查我的待出行机票
126	添加行程没反应
116	支持电子登机牌的城市
61	常用联系人在哪删除
14	飞机上能携带的液体数量
3	首页行程哪里去了
14	电池显示2.0Ah，可以上飞机吗
14	护肤品可以带吗
56	我在前两天就购票了。但是航旅纵横显示没有
183	我竞猜赢了旅豆怎么没到帐
5	没法选座位
3	工具箱按钮在哪里？
69	如何帮别人查询航班行程
3	选座消息提醒
3	加入我的朋友
16	咸阳机场+临时身份证办理
6	转人工
3	人工
14	请问，吉利手动剃须刀（多刀头，可以换刀头的那种），可以随身带上飞机吗
10	川航机会升舱在什么位置操作
3	都操作了就取消不了
7	网上值机截止时间
33	一直不回复
3	人工
3	能赔吗
14	你好，请问飞机上可以带多少葡萄酒？
13	如何办理值机
49	eID要认证才能查询机票订单吗
79	有行李的可以网上值机吗
46	常用联系人在哪里
3	能查询我老婆的登机纪录吗
1	退票手续费
109	我的账户绑定错了，怎么修改
49	为什么没有显示国际航班？
17	行程单补办
90	我换了机场雷达卷，但找不到可以打开的地方
14	医用拐杖能上飞机吗？
188	那没有糖尿病就不能托运吗
3	登机牌换不了了呢现在？
99	身份证过期怎么办
173	地窝堡机场停车费怎样收取
45	可以增加同行人吗
3	pro版
3	办理托运
3	人工吗
26	主乘客不坐，同行人一人乘坐，那怎么选座位
5	为什么无法值机？
3	没有添加按钮
3	川航A330座位分布图
31	托运的行李箱 有体积要求吗
3	重新注册
125	儿童乘机
24	你好
59	MU7780有免费托运行李么
3	充电宝
11	你好，儿童和成人一起值机怎么操作
161	如何帮别人办理电子登机牌
2	为啥现在不能在航旅纵横订票了
23	取消值机
44	我没订今晚21点贵阳飞北京的机票，为什么总提示我有订单？
1	能改签吗
139	部分座位锁定，无法选择
134	收不到验证码
63	托运狗狗多少钱
229	登机前，要开箱检查吗
3	为什么会自动变更
3	儿童免票吗？
3	加了
3	官网已经是值机状态，为什么你们软件不显示呢
205	为什么我的旅程数没有导入凤凰知音的会员卡里
30	在别的地方买票能在这上面看到吗
3	工具箱在哪个位置
14	请问生鸡蛋可以带上飞机吗
173	请问机场停车楼入口在哪
38	先问一下怎么找不到订餐的窗口了？
1	退票
13	选座功能在哪里
3	人工
14	洗面奶多少克都可以带吗
3	u
3	人工
3	驾驶本可以吗
3	是啊！我在成都机场T1
49	国外的行程为什么不显示呢
13	怎样手机选座位
56	我通过携程买的机票这里都有显示，但是我通过旅游团的机票为什么这里没有显示
24	你好
3	绿豆能干嘛
3	飞行情况
15	你好！我原来的手机号已经注册过一次，我现在又换了一个新的手机号，我该怎么办理？
14	充电宝多少毫安可以带？
10	我买了机会升舱
16	身份证丢失怎么乘机
69	能查看别人的航班吗
3	锂电池
3	经济舱在哪
11	儿童办理值机 怎么选同行人
3	这个怎么办？
74	为什么无法认证
3	充电宝最大毫安
3	2011年的
14	你好，我想问一下罗马式20000毫安能带么
13	怎么没有选坐功能了？
56	行程提取
3	手机选座
159	如何添加其他人身份
3	EID
45	如何添加同行人
6	人工客服电话是多少
60	怎样才是预约座位成功了？
3	帮我查下今天的航班我有没有买航空意外险
3	英语
63	超重
8	怎么删除旧证件
13	在app里怎么选座啊？
60	没看到预约选座？
125	刚出生的婴儿能乘飞机吗
16	没带身份证是否可以办理登机
3	行程卡可以买吗？
5	航空公司客服已经联系过了，因为是在航旅纵横app上值机选座的航空公司那边无法解决只能联系你们的
15	修改手机号码
274	取消注销
49	国际航班的旅行为什么没有显示
16	没有身份证如何登机
3	办理乘机手续是指
126	无法添加行程
3	办理乘机手续包括安检吗
3	飞行模式
3	值机了但需要托运，可能赶不上截止时间怎么办
26	如何为家人值机
24	你好
257	怎么下载新版
217	没什么我是明天航班却显示是今天
166	名字改了怎么办
144	你好，怎么查看飞机时速和高度
56	我行程没显示？
115	取消值机还可以选座位么
17	我5月27日乘坐航班飞往绵阳，现在需要补打发票，如何操作
14	携带胰岛素
13	选位在哪？
258	我的常客卡号是多少？
28	没办法取消值机啊，好像是你们的系统出现故障了
13	能帮忙值机吗
14	可以带充电宝吗
19	谢谢
197	哈尔滨机场哪里可以寄存东西
103	怎么修改卡包东方航空会员密码
3	领取登机牌
7	提前多久能手机值机选座
3	通行机票怎么地址填不上?
69	如何查询别人的航班信息
24	在吗
8	如何删除自己的证件
3	怎么连接或者抢飞机上的will
23	取消值机必须本人
12	不乘坐航班，可以为别人选座嘛
3	支持香港航空不?
14	充电宝的数字模糊了可以带上飞机吗
3	以前都可以查的
80	可以托运什么东西
3	微信
12	自己不出行，可以给家人选座位吧！
3	人工
91	行程保护不能选座位了
193	电子登机牌怎么用
53	怎么查到在早的记录
60	帮老人买了机票，怎么提前选座
85	注销账号
85	怎么注销账号
71	书包能托运？
253	请问如何投诉机场办理登机牌工作人员
3	贵宾休息室二维码在哪里找
5	你好，我想问一下为什么我值机值不了？
11	为什么孩子不能和大人一起值机？
111	怎么取儿童机票
6	你们有人工客服电话吗？
23	付费值机怎么取消
37	国际航班能预约值机吗？
26	怎样帮同行人值机？
3	人工
158	还可以打印登机牌么
6	人工客服
3	国泰A350-900经济舱哪个位置最好
150	为什么我设置显示英文名与中文名不一致
3	机场有充电宝吗
91	航班处于保护状态
28	为什么儿童值机无法取消？
17	开不了发票啊
31	托运行李额
3	电子登机牌
14	消肿止痛药水可以带吗
6	人工服务
3	你们联系方式
2	我买的明天的机票
57	随身携带上飞机的行李重量
17	行程单邮寄
33	还是不行啊
13	下载手机app后，进入哪个区域是选飞机座位的
3	查询进港信息
128	选好座位可以更改吗？
8	我要删除过期护照
100	20寸行李箱可以不用托运
3	没有同行
5	所有信息都对，怎么就是不能手机值机
3	怎么联系出票代理
194	航班取消，已办理值机，如何取消？
63	托运多少钱
102	每个航班都有电子二维码登机牌吗
3	pro版本
3	没有显示
14	能带多大的充电宝
17	行程单怎么在这个软件上打印
3	马上飞了，但是升舱不成功
3	😄
179	open票是什么？
17	你好，如何取得报销发票？
3	接送机服务相关的问题
1	航空公司因为航班调整取消了一班航班怎么办
3	我还有一个认证不出
149	手机值机是什么意思
3	川航办不了
3	有无线曾么
122	关键是不知道电子客票号啊！单位统一订的票，你们后台就不能推送给我吗？
63	买行李额
128	如何变更座位
3	怎么其他人
33	你媽死了
3	18686606329.美卢
95	拥挤度
3	人工
221	预约接机会便宜一点吗
7	请问6/5的航班什么时候可以网上办理值机
161	我的一个同行人已在其他平台值机，如何在航旅纵横上获取他的电子登机牌？
24	你好
31	祥鹏航空有没有托运额
14	你好，我的充电宝20000mAh，可以上飞机吗？
65	预留座位不可改选
56	别人给定的机票怎么查下来没有
14	飞机上能不能带水果？
3	是不是改版了
202	行程积分兑换里程，有机票吗
37	国际航班能值机吗？
7	选座啥时候正式开放
3	很急
6	换人工服务
83	机场电话
37	澳门航空的机票可以在这个上面办理网上值机吗？
2	怎么买机票？
40	手机值机后还可打印纸质登机牌吗
3	以前添加的人员身份证信息怎么找不到了？
3	你好，为什么是我的身份证号码，别人的名字
11	婴儿值机
3	怎么分享
3	特价机票
47	廉价航空添加行程
71	你好，酒水托运
3	怎么找出来？
3	只有两年
10	你好！请问我可为他人申请四川航空的升舱服务吗？
24	你好
3	我想开通电子证照提示设备不支持NFC什么意思
3	微信怎样反馈
3	这款软件不能下订单吗？
3	下方没有取消的显示
96	帮别人值机怎么取消
3	有没有出行套装
3	工具箱在什么地方？
49	我今年从多伦多去古的行程怎么没有显示？是加拿大航空。
22	为啥直接显示非本人行程无法直接
3	升舱服务
45	添加同行人
148	未查到出行行程单
3	我已经下载航旅纵横了
7	飞机票开放选座时间
3	发现
175	老人行动不便，要租轮椅
3	如何补偿
3	防晒霜
3	身份证和本人不像
74	电子认证怎么不行
3	行程
3	遗留证件
24	你好
165	那为什么我朋友的同样航班是可以预约的
73	已经到值机时间了
19	啊
11	一个大人一个儿童怎么值机
89	自动值机之后怎么取票？
2	怎么预订机票
74	我以前认证过，但是忘了密码，现在重新认证不了
14	上机对充电宝有何要求
5	给家人一起办理值机，为什么办不了
51	最晚提前多久到机场
19	好吧
2	怎么订票
71	笔记本电脑取下电池可以托运吗
5	我的为什么不能值机
3	还显示已经出票
3	有用的不知道，没用的知道也没用。
3	拒绝添加
3	值机后还需要取票吗
6	人工客服
68	联程票的行李如何中转
195	帮我取消认证
160	手机办理了电子登机牌，是否可以在自助机上打印纸质登机牌
181	无成人陪同儿童
13	怎么给机票选座
6	有人工咨询电话吗
3	删除
35	你好为什的我未来的行程没有显示
58	安全出口
227	我办理了升舱，怎么取消，有人工电话吗
41	票价
57	如果无免费行李额
23	帮我取消值机
12	我能否帮他人选座
164	这个在哪里
236	如何知道是否联程机票
94	若延误，怎么得到延误险赔偿
13	工具箱手机选坐卡片在哪
1	取消行程
3	会提前通知吗
7	手机值机几号可以？
5	选座失败
71	笔记本电脑能托运吗？
24	有用吗
3	登机牌
3	药品
14	一个人带几部手机
23	取消选座
17	发票怎么打
3	工具箱在哪里
24	哈喽
79	请问 在这个APP值机后 到机场还能办理托运行李吗
3	请问您是智能，还是人工
7	你好，手机办理值机手续几点开始
13	我能不能现在就选座位号
70	乘机证明无法获取
58	请问空客320的机翼在哪里
71	可以托运防晒喷雾吗？
109	变更账户证件信息
91	我没有开保护
24	你好
3	身份证
235	国内哪些航班有婴儿睡篮怎么查询
14	口服液可以随身带上飞机吗
3	修过不了
8	怎么删除认证
29	预约选座显示有误
13	如何网上办理选座位
3	学生票
85	可以注销账户后，重新注册吗
14	可以带移动电源？
5	选座按钮没有
203	我已经定了机票了但是名字和身份证的不一样怎么办
14	液体限额
3	加盟司机
134	为何收不到验证码？
12	如何帮别人值机
3	取消的航班的电子值机牌，怎么显示
13	选座位在哪儿？
13	手机选座怎么操作？
3	客票
26	怎么帮和我同行人选座位？
69	怎样查看别人的飞行记录
57	国际航班行李限额
3	由于飞行模式不是根据所在国（或手机实际时间）进入，而是根据北京时间进入，导致实际乘机时，由于飞行时间已过，无法进入。现阶段还有什么方法可以强行开启飞行模式吗？
110	飞机群怎么进啊
46	常用联系人页入口在哪里
21	军人证件怎么添加
185	怎么办理航空公司VIP
11	我儿子没法选座咋办？
17	怎么办行程单
3	请回答我谢谢
73	乌鲁木齐到阿拉山的飞机有没有 具体的时间有没有
84	我一次只能办理两个同行人值机吗？
12	怎么通过该软件帮别人选位置
29	您好，预约选座为什么没有提示成功？
14	硬盘带上飞机
55	西部航班客服电话
3	机票丢失怎么办
3	已经是最新版本了
31	免费托运吗
13	现在怎么办理手机值机
13	哪里选座
3	新疆银行的钻卡，在T1能走贵宾通道吗
3	这样添加人
175	机票早已订好，但近期不慎脚受伤，我想申请地面轮椅，如何办理？
3	航班取消后自动退款？
106	取消接机订单
6	客服电话是多少
56	为什么我的行程历史里，有一部分没有显示出来
1	退票
127	我想问一下，如果我想带宠物狗去外地坐飞机，需要准备什么相关证件呢
3	验证照片上传失败
72	添加常用联系人
62	国际航班为什么看不到价格
30	出现不了历史航班信息
3	工具箱在那
5	无法替家人选座
3	审核一直没通过
3	为什么我认证了没有我的信息
24	你好
3	9.99E+12
156	我昨天在你们这儿订的接机服务，结果首汽约车司机没有来接我，害我动车晚点在杭州多住了一晚，但司机钱已经收了，联系首汽约车客服，说要找你们处理，这事该怎么办
11	我的孩子怎么一起手机值机？
8	删除证件
3	电话号码多少
56	提取行程
40	办理过电子值机，到机场停止值机，还可以打印登机牌吗？
13	怎么选座
3	充电宝
3	行李
3	无法选舱位
55	怎么联系航空公司或出票代理
30	请问一下，带的计算机可以上飞机吗？里面有电池，需不需要拆开看
3	护照号写错了
2	我如何在上面购票？
41	机票上的信息怎么看
102	如何获取电子等离散
24	你好
3	我已经选择座位了
3	订单下不了
3	常客卡
127	腊排骨可以带上飞机吗？
2	可以订机票吗
14	飞机上能带熟的咸鸭蛋吗
6	航旅电话
6	有电话客服吗
171	预约选座取消
13	如何办理值机？
3	以往都能随便选择座位，今天为何又要身份认证？
13	头等舱怎样值机
69	无法看到常用联系人航班信息
3	D19108002516087544，这个是航旅纵横的订单编号吗
14	粉底液能带上飞机吗
3	为什么有的做不能选？
41	可以帮我查询一下机票吗
3	飞机卫生间怎么使用
143	用户名及密码忘记，无法认证
3	辣椒面呢
50	幼儿有身份证还需要出生证明登机吗？
14	飞机上可以携带避孕套吗？
24	你好
3	已添加了
71	请问，白酒可以不托运了
91	航班保护中什么意思
205	里程补登
158	电子登机牌可以在机场打印出纸质登机牌么
209	去菲律宾买了往返机票，还需要什么
3	查询
7	QW6071航班什么时候开放值机？
81	航线图没显示最近一个行程
0	同行人信息在哪里修改？
14	充电宝随身带还是随行李呢
116	武汉机场支持电子登机牌么
249	提前多久能打印登机牌
3	电子登机牌
112	为什么我帮别人值机提示请不要重复预约
3	司机可以在app接单吗？
51	可以提前几天值机？
26	怎样才能为多个同行人员值机
24	你好
5	为什么我的app不能值机.别人的app却可以操作
182	添加到钱包
128	如何调整已选座位
3	优惠卷
85	怎么注销？
64	第一次坐飞机
5	为什么选座选了两个人只看到了一个人的
3	有微信群嘛
3	通过同伴添加我一人也一样显示
3	历史准点率
59	vj605免费托运行李
49	我订的国泰航空的机票怎么没有出现在行程中？
150	护照中英文名字无法匹配
96	怎么取消帮他人的值机
42	无身份证怎么乘机
3	哈尔滨机场国航值机柜台在哪
6	请告诉我你们的客服电话
3	积分卡如何升级
208	亲，在哪里可以帮别人预约值机
6	客服电话
3	最早的行程
2	能否在航旅纵横购机票？
145	加你们QQ为什么，还没有通过
23	已值机如何取消选座
5	不能选座位呢
14	电子烟可以带上飞机吗？不使用烟油的
49	为什么境外飞行看不到
6	客服电话
45	如何添加第二个乘客
43	Cz8122为什么不能办值机
3	删除问题
120	已经开启消息通知 可是没有短信提醒
6	人工客服
24	在吗
92	为什么输入身份证号码总是说格式不对
37	东航支持电子值机吗
13	请问付费选座订单在哪里
109	如何更改已认证的信息
54	怎样设置值机提醒
3	北京首都机场的国航值机柜台
56	查不到我的行程
7	选座位什么时候开放
68	中途要转机的是否需要提取行李
3	东航万里行密码
28	为什么无法取消值机
205	2019年已飞公里数
6	客服电话多少
3	国际航班值机
3	CA1486的准点率
5	为什么我不可以值机
24	亲亲
73	为什么运城到深圳的飞机现在也不飞
32	怎么查询其他人位置
28	值机取消不了
31	托运收费吗
8	删除已认证的证件
265	点不开查看登机牌
17	你好！我需要提供机票报销
3	羽田飞上海的
55	航空公司电话多少
19	哦
83	双流机场电话
101	西藏航空不能手机值机吗
13	怎么值机呀
67	有氧舱价格
3	接机
91	手机提示开启个人保护，怎么回事
102	如何办理电子登机牌
3	不是机票
41	全价机票怎么看
32	请问座位信息页在哪里
56	现在是需要完成乘机后才会显示航线吗
5	我想知道我的四张票，三张都可以选座，只有一张不能选座是为什么？
3	座位页
102	电子登机牌在哪
49	怎么没有显示我从莫斯科到圣彼得堡的行程
196	航站楼在哪看
2	无法购买1630元的机票
14	请问在国内旅行乘机一次可以带多少香烟
24	您好
1	我要改签
56	我明天回国的机票怎么看不到
3	工具箱在哪
17	行程单
14	雨伞如果放在行李箱里需要拿出来安检吗？
65	为什么预留的座位被别人抢了
1	可以退机票吗
3	国际航班托运
3	人工？
3	行李
24	在吗？
71	托运能带多少液体
2	忘了怎么订机票了，已查询好航班，无法点开预订，怎么回事？
12	非乘机人员给别人选座
3	为什么我的会员卡一点积分也没有？
3	8到10排
47	春秋航空添加不上
11	东航 想给孩子选座 怎么添加同行人啊
2	没有购票凭证，是电子购票单
11	可以为首都航空12岁小孩选座吗？
23	怎样取消值机
148	电子行程单
71	你好 请问ipad可以托运吗
74	微信认证不了
128	你好，我想问下儿童改座位要怎么修改
33	我只希望这个软件能完善些，我自己手动添加我还用这软件有什么用？，你们应该能给添加才好
3	人工
10	军人持证件可以升舱吗？
45	香港航班无法增加同行人
23	取消值机
3	有亚洲航空吗
3	通知邮箱
3	？！？！
55	怎么联系自己乘坐的航空公司
14	20000毫安的充电宝可以登机吗
3	行李托运
113	行李事故索赔
75	已经买过票了怎么申请儿童餐
30	请问，可以帮我查一下我🈶机票记录吗
1	怎么改签
24	您好
22	为什么我的值机显示不是本人行程？
84	为什么两个月前选的座位被占用了
3	请问行程怎么兑换礼品
41	查询订购的机票
56	没有多段行程
45	我能添加其他乘坐人员信息吗
3	安检
95	航班拥挤度
3	南航用教师资格证，可以打折吗？
3	查看证件号的密码是什么
23	如何取消值机？
3	兑换码有没有期限
51	提前多久停止登机
57	行李限额
109	护照信息怎么更改
18	办理延误证明
3	用车
127	乘飞机可以带小孩推车吗？
3	你好，请问接机led功能在哪里？
71	请问护发素可以托运吗？
3	？
71	请问300毫升的蜂蜜，可以托运吗
30	如何查看小孩行程
86	身份证丢了
56	我添加的行程为什么都没有通过
3	问不答题
30	国外飞国内查询航班
38	6月24日 CA1252飞机 西安飞天津  飞机上有餐食吗
14	飞机上可以带螺丝刀嘛
23	如何取消手机值机
32	护照买的机票没有显示
3	怎么添加航旅卡就说我密码错误
160	手机值机需要打登机牌吗？
29	4792162353007不能预约值机？
3	你好，人工电话
17	行程单没有怎么回事？
53	为什么之前的航程没有在内
56	为什么不显示新的行程了
94	购买航班延误险怎么办理赔付
3	7号毕节飞广州的
24	您好
56	行程不完整
3	我给小孩取消了，可现在提示我没成功
11	儿童怎么没办法值机
155	如果我在值机柜台直接升舱了 是不是就退款了
3	是航班不支持吗
3	首页服务推荐
49	你好，我预定的本月26日从澳大利亚黄金海岸到墨尔本的航班为什么没有显示？
49	你好我的日本机票怎么不显示
6	客服电话
57	手提行李额
131	飞机晚点
3	厦门航空
127	扩音器可以带上飞机吗
5	我不能值机，朋友可以了
160	手机上弄过电子登机牌还能领纸质登机牌吗
18	开具延误证明
23	取消值机
125	儿童登机
3	已经加QQ
30	无法查询订票信息
3	国泰可以吗
14	飞机上可以带镜子吗
124	哈喽 我想问一下 今晚有个朋友是从5：40从福州到北京的飞机  我这边帮他值机选座 为什么选不了 说是这两天内没有查到出行
7	我是明天下午18点20的飞机，为什么今天选不了座位
64	没过安检就不算办理登机手续吗
2	大龄老人如何买机票
3	人工
3	工具箱在哪
23	取消值机
14	41寸吉他可以带上飞机吗
3	人工
96	如何取消同行人值机
3	在哪里下载aPP
3	我有他的护照号
17	发票可以不和机票同时邮寄吗
3	Fdsfsdfas
202	您好，累计的行程可以兑换里程或者机票吗
17	在哪开电子发票
8	怎么删除我的证件
3	我的卡包里的各个航空公司的积分卡里的积分为什么都是零？积分不能自动累计吗？
73	你好，现在查看不到航班动态了吗？
284	被限制了是什么意思
84	现在这个选座最多能选几个
29	为什么无法预约值机了
71	液体药品托运
24	您好
3	飞行模式
49	国外城市之间的行程不显示在行程清单当中？
3	你好孩子的可以同一个电话出
3	如何关注其他人的行程
3	南方航空行李托运
3	永久居留
31	托运能带多少斤
76	你好，机票改签你们的信息不更新吗？
17	请问发票没给我
3	我今天下午的航班
3	登机行李
6	人工服务
24	你好
12	帮他人值机
109	我的账户绑定错了，可以修改吗？
79	网上值机如何托运行李？
126	无法手动添加行程，有报错
14	您好！请问入境能带多少条香烟🚬
117	失物招领
56	别人帮我买的飞机票但是留得他的手机号为什么我这里没有行程显示
3	添加认证
25	我身份证号码本是500107199507026525，但认证时却说我证件已被其他帐号认证，且前三种方法都不行
0	更换乘机人
123	怎么升级pro
120	为什么同时值机2个人，只有1个人收到信息
49	为什么我的国际航班没有显示？
24	你好
14	充电宝可以带吗
55	首都航空电话多少
109	如何更改证件信息
24	您好在呢么
3	我们是东航的
3	身份证认证
252	我想问下明天的天气A461航路，会影响南宁到杭州的航班吗？
24	你好
3	工具箱在哪里
17	可以打行程单吗
63	从哪里买行李托运
23	我今天花土沟到西宁的机票，需要取消值机
71	电动刮胡刀能托运吗？
93	前序航班延误，已经手机值机，可以晚去机场吗
56	祥鹏飞机行程显示吗
3	😄
79	手机办理值机业务后到机场是否可以办理行李托运业务？
3	你们只有QQ群吗
168	如何托运行李
24	你好
24	你好
12	为他人选座 上海虹桥飞香港的 是要填写身份证号还是护照号码？
4	70岁以上可以购票吗
84	预约选座能添加几人
71	酒可以托运吗？
13	可以手机选座了吗？
11	小孩无法添加为同行人怎么办？
79	请问手机值机选座后如何托运行李？
1	请问我有一个从深圳到重庆的航班为什么不能退改票？
3	不是首都机场
260	如何写点评
18	延误证明
111	儿童机票怎么取
1	您好 怎么改签
70	不显示乘机凭证
3	定位那个在哪里找
3	海南航空
56	查不到航班
7	现在不能手机值机呢？
5	红土航空为什么不能手机值机
7	为什么明天起飞了还是选不了座，说没有航班信息
3	怎么回事啊
123	怎么升级pro版
3	前排座椅下可以放行李箱
7	会在起飞前多久开放选座呢
153	贵宾室在哪
3	选座位
24	你好
3	户口本不行吗
3	人工
3	问题不对
13	选座位在手机值机里面吗？
3	选座
6	人工客服电话
30	可以查我以前的航班吗
56	为什么提前买的机票不显示
84	我们一起6个人
14	行李箱可以放充电器吗
17	打印发票
3	电话多少
142	手机要关机么
5	同航班怎么不能一起值机
215	军人优先
5	航班不能值机
145	申请加群一天了，没反应。
160	有了电子登机牌 还能要求打印纸质登机牌吗
57	随机行李箱尺寸
11	川航如何与儿童一起选坐
230	我是pro 版 为什么14年行程没有
2	儿童无成人陪同服务怎么办理或买票
13	在那里选座
84	你好，通行5人，如何同时选座
3	酒呢
56	认证成功后为什么没有自动提取行程
34	已预订的机票哪里可查询？
6	人工客服
71	剃须刀可以带上飞机吗？或者托运?
3	一个账号能不能绑定多个人
3	充电宝
145	以添加QQ群，多久能通过
49	请问我的国际机票为什么不显示？
38	怎么看自己机票是否含餐？
1	我早上的航班是否改过时间
61	怎么删除常用联系人
3	低价票有什么限制吗？
65	已经预留了的座位，就不用值机了吗？
96	办理他人值机取消
28	手机无法取消值机
19	谢谢！
3	工具箱在哪
3	我怎么不能身份证扫描的？
12	如何给其他账号的人选座
7	我的航班什么时间开放选座
5	为什么不能值机
17	机票报销行程单怎么邮寄？或者机场打印？
14	应援棒能不能带上飞机
2	在航旅纵横上面可以定机票吗
3	能删除再重新注册吗
3	入境
24	你好
3	什么地方签到？
13	怎么网上值机
74	认证护照英文姓名失败
3	我卡包里面航空公司的卡里面没有里程积分。
49	国外的航空公司能自动显示行程吗
13	选座位怎么选
74	为什么认证不了
109	请问如何更改认证信息
3	可以随机
55	首都航空的客服电话是多少
15	我给同事选座位，手机号码输错怎样做更正
3	账户信息页在哪里？
135	离线模式怎么用
18	延误证明怎么开
82	可以补以前的登机牌吗？
161	帮朋友选座位后可以出电子登机牌吗
70	请问一下，帮人选座后，登机凭证是用什么？
40	手机值机后还需要办理乘机手续吗
6	转人工服务
13	怎么选择座位
3	添加2人信息如何添加？
3	OPEN
3	如何设置偏好走道位
17	只有行程单
3	你们对应也太慢了
74	你好 我的同事 束志明32030319620226001X 无法注册 好像不识别身份证号码 怎么办？请解决问题
31	托运行李一个行李箱加一床棉被是不是免费
28	为什么取消不了直机
3	航班状态是计划是什么意思
6	客服电话是多少
191	请问如何在出租车乘车口要一辆车
6	人工服务
3	只有户口本可以吗？
1	我想改签怎么弄
7	何时能选座？
86	身份证遗失
17	报销凭证怎么找？
3	要修改的手机号被注册过了
3	未来行程什么时候能看到
205	最近的行程为啥没有统计？谢谢
5	选不能座位
3	工具箱在哪里
99	身份证过期十天左右，是否在乘坐航班时仍可使用？
3	😂
11	带36天婴儿值机
3	！！！！！！
148	问下怎么开电子行程单
3	邮寄
16	福州长乐国际机场＋临时身份证办理
24	在吗
3	买的经济舱显示头等舱
6	有在线客服嘛？
175	办理了托运，到登机口机场有轮椅提供吗？
3	客人中心在哪
3	点不了呀？
205	补登记里程
14	阿胶膏可以带出国吗
6	客服电话是多少？
3	我现在就是最新版本
174	用航旅纵横拍的飞行照片在哪里找呀？
17	我要查，我前两天出行机票的发票还没有收到
3	托运
3	人工
11	无法为孩子值机
136	连接超时
49	为什么国际飞行不显示
56	为什么我在携程订的机票在航旅纵横中没看到
175	轮椅租赁
5	我要办理值机，现在怎么办不了值机
214	选座被取消了
201	孕妇乘机规定
24	你好
19	谢谢回答
46	常用联系人在哪？
148	如何查以前的行程和行程单
2	我要订票
3	换手机
3	肯定有问题，我自己及其亲友都没有帮我订今晚21点贵阳飞北京的航班。
3	机票信息是实时更新吗
23	您好 我想取消手机值机
47	春秋航空的航旅纵横为什么不显示，没有合作关系吗？
3	能退多少钱
17	我们需要电子机票行程单
3	避孕套
17	发票怎么申请
16	你好，没有身份证怎么办
29	为什么我之前可以预约值机（选座），现在不可以了？
3	没收到
3	能问一下旅游金如何使用
49	香港的航班是要添加港澳通行证才能查到么
3	常旅客
28	不能取消值机为什么
3	没有登机口
85	注销账号
3	安卓pro版
139	座位锁住？
3	已改乘其他车辆，赶飞机。
14	可以带充电小风扇吗
6	有没有人工客服
57	登记行李限额多少
60	预约选座 可以往返航班都选吗？还是只能先选去的航班
3	怎么没有显示
3	身份认证
6	有人工服务吗？
33	你是个笨蛋
6	客服电话
174	我在飞机上拍的照片找不到。
6	没有客服电话
83	机场的客服电话多少
128	座位变更
7	有约选座提前多久
6	人工客服有吗
63	行李若超重了怎么算
161	我们同行人为什么值机不显示电子凳机牌
2	儿童自行座飞机✈️怎么买票呢
3	航线图怎么换颜色呀
13	怎样选座位？
64	托运注意事项
1	怎么改签或者退票
195	怎么删除认证
158	一个二维码可以几个人一起过嘛
14	充电宝可以随身携带吗
65	我又没有确定为什么给我选好的座位？
3	升级为pro
63	行李托运费用
3	怎么选
3	怎样删除选票同行人
3	这个可以带吗
3	水印相机
106	神州专车接机司机联系不上，关机。如何退款？
3	微信号？
60	怎么预选座位
24	你好，
3	火柴
60	怎么预约值机
31	国际航空行李托运多少斤免费
26	同行人值机办理
56	怎么添加别人的行程
3	我想查出入境记录
267	海南航空支持电子登机牌吗
3	ca123
94	延误险
33	互动你妈啊
5	为什么不能给同行的人办理值机
3	换了手机，之前的号为什么登不上去了
11	儿童六岁，怎样值机？
5	为什么我自己选择不了值机？
3	早已经认证过了
134	怎么值机的时候不能接收验证码？
6	人工客服
216	我的行程已经使用了，为啥状态还是未使用
201	孕妇可以在网上订票嘛
3	我的是两张单独机票，可以用行李车吗？
14	武汉飞往海口的飞机，能带香肠吗
3	凤凰知音
5	怎么没法手机选座呢？
73	大暴雨能起飞吗
3	无法识别行程
3	Pro版
58	靠窗的飞机昨座位怎么选
9	可以开送机发票吗
14	50ml喷雾能直接上飞机吗
3	能我帮看下我未出行的车票吗？
76	票退了还会显示吗
3	为什么显示获取作为信息失败
160	我这有电子票了还要取票嘛
3	我是在你们航旅纵横打的车
30	可以查询多长时间内的行程
24	人呢
45	保存保存同行人
30	请问哪里可以查到乘坐航班平面图
59	福州航空行李托运收费标准是多少？
33	不管用
3	怎么找到人工电话
102	我想找电子乘机牌在哪里能找到
106	接送机订单如何取消
14	移动电源可以携带吗
17	我要补行程单
3	13920001972
3	23弓63了496
3	超过160ml的护肤品怎么办
3	MU9755   14号航班飞香港
49	你好，定的国际航班怎么不显示
14	化妆品登机限额是多少
24	你好
71	化妆品可以托运吗？
192	常旅客卡密码
28	我要取消值机，让我先取消孩子的，取消孩子，又说不让取消
16	没有身份证怎么办
13	手机值机还会开放座位吗
33	什么呀，答非所问
56	我今天的行程怎么看不见
236	联程机票
84	麻烦问下，预约值机是不是只能选两位同行人？
3	充电宝
14	请问随身携带液体有什么规定
84	预约值机为什么最多只能选三个？
6	有客服电话吗？
3	名字写错了怎么了
50	小孩子做飞机需要带什么
6	请问客服电话
30	在哪里可以查询自己的机票
73	6月16号东航MU5953次航班起飞了吗？
10	如何使用旅豆升仓
3	证件信息校验失败
6	你们的人工客服电话多少
17	怎么开发票
153	哈尔滨机场国航金卡有休息室吗
3	机场领取登机牌
3	无人陪同服务
3	你们群没通过
37	福州到香港的机票可以值机吗
5	为啥办不了值机
3	邮箱收不到登机牌信息，为什么
12	请问怎么增加别人的航班，为他人选座
13	座号从哪里选？
3	我没有携带婴儿，为什么一直显示我携带婴儿了
1	我没有退票
175	麻烦帮我预定3U8438航班轮椅
3	如何办理积分卡
3	Open
2	怎么订票
3	补登
13	我怎么选坐
3	办理直机时，姓、名颠倒了怎么办呢？
26	如何为家人选座
30	我最近订的机票查询一下
3	如何加盟司机
2	怎么搜索机票后无法购买
3	人工
134	改手机号收不到验证码
3	境外
96	取消同行人选座
6	你们客服电话多少，我找你们有个事情
5	无法值机
102	怎么办理 二维码值机啊
14	2万毫安的充电宝能带上飞机吗？
126	无法添加行程
31	一件玉器七八十斤，能托运吗？
6	客服电话
30	如何查询国际航班
41	港澳机票查询
3	哈尔滨机场有几个航站楼
271	身份证末位是x要怎么输入
3	买机票时中文名字输入成全拼能改吗
11	带婴儿选座有没有优待
16	临时身份证
71	行李托运能托运酒吗
6	有客服电话马
74	为什么认证不了
3	？
3	收到
56	已经出票可是没有行程显示
6	人工服务电话
24	你好
57	请问每人行李限额
69	如何查询别人帮订航班信息
71	托运宠物
22	为什么是自己本人的行程却显示非本人行程无法值机
14	喷雾可以带上飞机吗
42	港澳通行证订票
10	订的机票如何升舱
222	然如果我预约的座位不想要，可以选择其他座位吗
80	直机禁止携带的行李
3	怎么联系
3	784-5517691918
23	取消值机
3	充电宝限额
23	怎么取消值机
23	怎么取消座位
24	你好
3	我已经值机了
6	没有人工客服吗
56	你好，我们买的同一班航班，为什么没有他的航班和我我们有误呢
3	航旅纵横可以单独购买吗
3	DF是挨着的座位吗？
105	你好，我问一下，我绑定护照的时候显示英文名字和中文名字不符合，是什么原因。英文名字不就是中文的拼音吗？还需要加什么符号吗？
3	怎么办？
32	座位信息在哪
29	为什么我不能给同乘人预约值机？
13	国际航班可以电子值机嘛
5	为什么祥鹏航空选择不了座位
13	手动添加的行程可以值机吗
7	航班起飞前多久就不能用手机值机了
56	请问我在携程订的机票为啥不显示
152	绑定了证件没有未来航班
3	ka636
51	你好我在软件上已经值机，是不是我赶飞机起飞前登机就可以？不用按照票上的时间？
259	如何更改登机凭证邮箱
96	你好，我想取消两个人的值机，为什么只能取消我自己的
74	我的认证问什么失败了呢
5	无法给同行人办理值机
3	我取消不了
6	在线客服
3	为什么日本航空的没有显示
3	我有一个明天的飞机
24	在吧
257	怎么查我下载的版本是不是新的
33	没搞懂？啥意思
200	怎么查签证到期时间
24	你好
3	怎么为同行人预约
17	发票怎么开
3	凤凰知音
37	国际航班可以选座吗
23	取消我的值机
13	如何选座位
3	常客卡
3	人工
11	怎么在次办理儿童值机
24	你好
3	要怎么样才能选到31至40号的座位？？
71	电动剃须刀能托运吗
77	重庆江北机场晚上关门吗？
51	用电子机票 最晚几点进入
14	飞机液体容量
3	2
24	你好
7	什么时候可以开始选座位
3	小孩的规定
2	从哪个地方买票？
6	人工服务
3	如何查询我的机票有没有意外险？
35	我的航旅纵横上怎么没有收到未来行程
14	能带花露水吗
84	为啥预约值机三位之后，无法继续预约？谢谢
3	是不是不能坐飞机名单的人不能用
58	35排那两个位置有窗户吗
6	人工客服
47	怎么把春秋航空的行程记录添加到航旅纵横行程记录里
16	重庆临时身份证
28	我不能取消值机，怎么回事呢
11	带婴儿坐飞机选座
3	飞机能蜂蜜
10	我要升舱
89	如何帮我领登机牌
3	同行旅客用自己的会员卡
71	洗发水可不可托运
5	无法为其他人值机
31	免费托运行李
33	不行
208	如何帮别人预约选座
5	为什么不能自助选座了
3	为什么看不到卡号？
29	为什么不能预约值机
6	你们客服电话是多少呢？
21	這個app可否添加香港特區護照
6	客服电话是多少
72	想添加家人信息如何添加
115	我昨天取消了之前选好的飞机座位。今天还可以重新再选一次座位吗？
2	买机票
3	邮寄狗狗
86	丢失物品
107	航旅纵横和航旅纵横Pro有何区别？
5	为什么手机不能值机？
3	客户电话多少
13	机场停止办理值机
17	发票问题
32	怎样查询选好的座位
51	SC8050航班什么时候可以值机
2	我要订机票怎么订呢？
3	请人工帮取消
11	国行儿童值机
16	临时身份证哪里办理
3	升舱
3	国外的里程为什么没有
139	选座上面有锁的图案
3	你看一下截图
3	更改不了証件
14	最小的瑞士军刀能带上飞机
14	飞机上能带粽子吗
6	人工服务电话
94	延误补偿
13	在哪选座位
84	我选了四个人的值机
3	机票价格监控
3	说旅客信息不一致
201	孕妇要证明吗
28	为什么我不能取消座位
24	你好
2	航旅纵横能购买机票吗
33	出你媽
2	我想问下这个软件可以订机票吗7
175	机场轮椅服务
3	什么是通程机票
3	请问行程列表-手添行程界面在哪里？我找不到
135	哪里打开飞行模式
34	怎样才能看到自己的机票订单和行程
3	金鹏航空Y87550
140	机票验真当日上限
90	直接充钱可以看机场雷达吗
3	我直机 位置选错了
24	您好
6	服务电话
3	为什么有些纪录没有？
3	祥鹏航空
2	如何购买机票？
14	周黑鸭可以随身携带上飞机吗
14	充电宝最大限定是多少
5	为什么11号重庆飞南宁办理不了值机呢
44	我没有定今天的航班 怎么莫名其妙的有今天的航班呢
102	怎么办理电子机票
3	急
145	加了QQ 没通过
189	物品遗失在飞机上
139	为什么有的作为不等选？是锁的样子？
1	别人代买的机票，可以自己付费改签么
17	请问哪里有电子发票
272	摆渡车怎么坐
3	我坐的是首都航班
2	这个APP能买机票吗？
3	国际航班呢
3	麻烦问问用着好好的
188	三年前安装心脏起搏器，能乘坐飞机吗？
3	我的行程的联系方式怎么更改
3	航旅纵横pro哪些项目需要收费？
3	航班取消了怎么办
53	我在2010年9月份乘机从厦门飞往郑州，为何行程上没有显示？
45	值机如何添加同行人
3	充电宝20800
84	我们4人同行，为什么预约值机只能3人？还有一人怎么预约值机？
2	如何订瑞丽航空的机票？
23	取消值机
49	为什么出国的航班查询不到？
56	为什么显示已开放值机 缺提取不到我的行程
23	取消值机
50	儿童做飞机要带什么证件
7	8日飞机，是否现在可以选座位
128	您好我可以调下坐位吗？
24	你好
3	？
3	退换
14	药水携带
126	在国外的航班不能添加？
26	如何两个同行人一起办理值机
3	人工
3	24寸可以吗
14	面膜可以带上飞机吗
3	联程
6	人工服务
15	怎样修改短信推送信息的手机号码
57	重量
102	在哪里找已乘航班的电子登机牌？
3	3.24453E+12
6	人工客服
14	飞机上带1罐奶粉可不可以
6	有电话客服么？
3	为何现在不能收藏航班信息了
31	最大号行李箱不超过20kg可以办理托运吗？
27	商旅口令在哪里
23	取消值机什么意思
17	为啥我的行程单申请不了
5	请问东方航空国际航班不能为同行人选座？
164	你会什么
3	乘国际航班证件什么
5	提示该航班在不支持手机选座
3	工具箱在哪
32	可以查朋友的座位马
3	15817182788  李水良
284	限制访问次数
71	药品托运
17	你好，可以开发票吗？
3	打印不了，说是代理公司的打印不了
13	你好，请问港澳台乘客可以办理网上值机么？
3	选座
136	提示系统异常
23	取消座位
4	老年人乘机有什么规定
2	如何购票
3	举报航班
74	后来就没理他了，为什么我的航旅纵横不能注册？
14	骨灰盒可以带上飞机吗
158	打印登机牌
3	中华航空
84	航旅纵横最多可以帮几个人选座
3	手机选座
50	儿童带什么取栗
3	截图
19	谢谢！我试试
59	国航国际航班免费托运行李重量
24	你好
130	请问T3机场里面是否有吸烟室
3	这是怎么回事
61	如何删除常用联系人
40	手机上已经值机，直接去安检？
23	取消我的值机
3	机票买重了怎么办
2	我们公司订的机票我现在个人买能买上同一个航班吗？
38	cz3297有餐吗
166	我的名字写错了 怎么查看是否更改
4	70岁以上老人乘飞机有什么要求？
242	为什么无法添加海航的会员卡
35	我未来的机票为什么没有显示
14	野营灯可以上飞机吗
11	怎么给儿童选座
56	行程没显示
3	我没有退票
30	查询一年订单
14	有汤的小龙虾尾可以带上飞机吗
3	302422066
57	行李限制，禁带物品
14	防晒喷雾能过安检吗
8	删除 姓名：张二愣 证件号：524683569856981452 删除原因：此身份证非现18653102101手机号机主，影响我绑定身份证号
12	如何帮别人值机
24	有人么？
13	你好！请问在航旅纵横上如何办理选座
107	我想问一下，下载了pro版，就可以看2011年的记录吗
14	即食鸡胸肉可以随身携带在飞机上吃吗？不想托运行李
11	同行小孩怎么选座
14	两部手机一个笔记本电脑和一个两万毫安充电宝可以带上飞机吗？
3	工具箱在哪里？
17	我的座位免费升为公务舱，发票是否显示为经济舱？
3	哪个位置
3	微信验证显示参数错误
21	护照怎么绑定
29	为何我的客票不能预约值机
3	身份证是正确的
74	显示认证失败
3	MU2195
194	航班取消，取消值机
17	报销费用
180	空中航线图在哪
74	护照号添加不上
3	你好西宁机场有住处吗
3	成绩证明
3	人工
22	非本人行程 无法值机
125	婴儿乘飞机
3	提交不了
3	如何切换英文
111	儿童能网上添加登机牌吗
28	我无法取消值机
23	取消我的值机
57	行李额
3	行李托运
21	怎么增加新护照
3	国际机票
3	头等舱
25	提示证件已被其他账号认可
3	儿童呢
3	亚洲航空
3	紧急
3	人工
53	为什么没有2011年以前的行程呢？
41	为什么我看不到机票的价格？
17	行程单怎么打
33	加不了
3	航班取消证明怎么打印
3	如果分享给好友
14	飞机可以带发蜡，弹力素么
2	你们网站上能定机票吗
224	如果预约wifi
1	如何退改签
3	eID
3	再查也是取消不了
14	携带液体
3	认证身份
205	飞行次数不对啊
49	为什么我在携程购买的国外航空公司机票，行程里没有显示？
60	怎么使用手机提前选座
42	港澳通行证能买机票吗
3	飞行模式
19	好的👌
83	机场电话
48	怎么还没有认证审核完成？
12	为他人选座
59	HU7605航班行李限额
5	有一张不能值机
6	人工客服
91	我要手机值机说我自己开启了行程保护无法查看行程
5	晚了五分钟，不能值机了。
42	出身份证以外证件可以取票吗
56	请问我添加了一个行程，为什么在app上查不到呢
6	我需要人工服务
172	错误码1040707是什么原因
226	怎么预定机上无线
56	你好，护照订的行程为什么没有自动导入呢？
30	未来行程要多久才能查到
2	在这可以定机票吗
55	航空电话
218	怎么租车
3	现在已经可以用新手机登录，但是选号时提示认证，但认证时提示上述情况
2	在哪购买机票
29	无法找到预定信息
11	儿童如何跟随成人值机
3	有没有退单
3	常客卡这么办
3	湿巾
1	改签机票，飞机停飞故障，从新订票，这费用谁承担
16	身份证掉了怎么坐飞机
3	会员卡
10	在哪里升仓啊？
40	我在软件值机后，可以去机场取票吗？
3	为什么会被别人抢走
42	从国外回来乘坐国内的航班，值机的时候证件用身份证还是护照？
94	航班延误赔偿
3	怎么搜索航班
208	帮其他人预约选座，但我不坐飞机
3	但是我已经收不到验证短信了
24	在吗
3	国际
63	无免费行李额怎么办托运
36	为什么我没有退票结果航旅纵横显示我已退票了
14	你好，请问生鸡蛋可以带上飞机么
14	请问可以带100毫升以下的护肤品上飞机吗
31	20寸的行李箱不用办理托运是么
29	我已完成6月4号的，为什么还是不能预约9号的值机？
3	选座
86	但是找不到界面
3	头等舱有几排？
3	忘记之前的账号
116	珠海金湾机场可以用电子登机牌吗？
14	请问尖头的镊子可以带上飞机吗
91	办理值机总提示开启行程保护
56	你好 可以添加别人的行程吗
5	你好，请问我为什么不能值机？
51	行李托运最晚什么时候
3	登机口关门了
56	这几天为何不能显示未来机票行程
3	为什么不能添加乘坐人？
24	你好
14	胰岛素可以携带吗？
3	怎么换成上一版本软件
3	该行程尚未乘坐
53	2014年的行程不能添加么
259	个人乘机凭证邮箱怎么改变
30	忘记航班，能查一下吗
134	验证码收不到
57	20寸箱子可以带上飞机吗
13	如何选座
93	航班延误，值机停办时间是否更改
3	是否可以APP软件操作？
3	人工
84	同时办理了五个手机值机，其中两个办不了，为什么？
28	只能柜台办理取消值机怎么办？
3	人工
3	多少钱
24	你好
148	电子行程单最久多久下载
54	请问今天的值机信息为什么一直没有收到
3	无线网
6	服务热线电话号码多少
247	登机时间提示错误，导致我没有登机。如何处理
12	可以帮其他人在我的手机上值机吗
3	pro
6	人工客服号码多少
3	收到航班延误通知，但你们没有通知。
3	不是同航班
24	你好
14	药品能带上飞机吗
17	打印行程单
3	请问新菜刀没用过是否算开封
153	机场贵宾厅
24	在
3	为什么倒不进来国际航班行程
5	为什么我不能给与我同行的人手机值机？
46	如何进入常用联系人
56	我没有预定机票 为什么上面显示我有要飞的行程
1	退票手续费
123	航旅纵横Pro的安卓版怎么安装
14	请问航拍无人机能带上飞机吗
3	管制刀具是什么
3	如何办理里程卡
3	如何设置登录密码
3	加了也没用啊
6	昨天到客服一直没有回复我，请问有电话号码？
65	我想取消预留座位
3	航旅纵横有卖不
12	怎么帮别人值机
23	我有一个值机想取消
11	大人已经办好值机选好座位了 但是儿童不可以值机 孩子太小两岁半不能和大人分开坐的
1	航班改签
13	我想选座
3	人工
205	怎么补登里程
3	手机上选座
13	怎么选座位
7	手机软件何时可以办理值机
58	选座位看不到飞机翅膀
148	查询行程单
8	已认证的身份证号码填写错误如何删除
3	客服没给我确定的信息将我拉出群
134	收不到短信验证码
56	你好，我在携程上订的机票，怎么导入进来选座
23	我要取消值机
37	加拿大航空可以在这个app上年值机么？
3	没有啊
33	问题解决不了，事情还一大堆
30	怎么查看全部行程
3	还有
273	补打登机证明
209	往返机票在哪里？
3	人工
32	我想查下孩子的座位号
3	？？？？
6	人工服务
3	人工
2	刚好满两岁的宝宝如何买机票
14	修眉毛的小剪刀可以带上飞机吗
9	接送机开不了发票怎么办
80	托运规定
189	您好，我的钱包遗失在客舱里了，能帮忙找一下吗？2019年7月13日昆明长水机场飞往北京的海南航空HU7112次航班
71	能托运多少牛奶
3	9.99243E+12
87	为什么预约值机和实际不一样
23	我要取消手机 值机这项功能怎么操作。
3	英文拼寫不一樣
64	是怎么扫二维码过安检
2	如何购买票
3	宠物投运
127	情趣用品可以托运吗
3	改签的费用有发票吗？
3	人工
6	客服电话多少
23	孩子值机怎样取消
38	有早餐吗
63	从西安到圣彼得堡托运估计要多少钱
23	取消我的值机，我要改签！
34	查询我预定的机票
3	工具箱在哪
85	注销账户申请
2	定不了票了吗？
61	删除联系人
56	提取行程没看到
3	网上登机牌
34	如何查询预定的机票信息
3	实时飞机轨迹
64	第一次坐飞机
7	明天从马德里到西安的Mu264为什么还没法值机？
25	我的认证一直是证件被占用
10	今天HX791香港到马累的票可以升舱吗？价格是多少？
3	人工
3	说话呀
6	需要人工服务
125	儿童乘机需要
136	手机值机，显示参数错误
3	电子登机牌
91	航班保护中是啥
11	如何帮我的宝宝值机
16	身份证没有带
28	我值机了要改票，取消值机为何总不行啊，急死了，请帮忙
3	为什么说不是本人行程
16	临时身份证机场能否办理？
3	eld
3	人工
3	飞行旅程
30	旅行团代买机票怎么查已购买
32	座位信息在哪里
5	你好！我去的行程位子选好了，回来的怎么不能选
1	KN2267这趟航班我退票需要多少钱手续费
56	我通过携程订的航班无法显示?
24	你好
32	值机完成不显示座位
3	国航知音卡密码
14	能带剃须泡沫上飞机吗
2	预定机票
3	我不会选座
3	英文名是什么
71	手机关机可以托运吗
17	发票一直不发给我
3	None
40	已经通过网上值机，还可以去换取纸质登机牌吗？
3	你们内容应该增加催促客人登机提醒
3	我绑定了EID，那过安检是不是只要出示电子登机牌就可以了？
3	化妆品呢
44	我没有买这个从拉萨到重庆的机票，为何提示我已买票并马上起飞呢？
3	为什么显示一个身份证号对应多人呢？
3	我的已经是最新版了
3	从西宁到西安的机票
3	航旅不能用了
6	你们的客服电话有没有？
7	前提多长时间可以选座位
3	凭证
3	邮件地址
55	东航北京头等舱休息室电话
5	在线值机无法办理
24	你好
64	怎么办理乘机
14	可以带液体食品么
5	航班不支持手机值机是什么意思？只能去机场值机？
3	是同班同位等级的
10	我已有17000左右里程了，可以用里程的换升仓吗
287	首汽约车订的车，钱付了，订单没有
6	人工客服
6	人工服务
98	不能添加同行人怎么办？
28	我昨天换了6个人的登机牌，都退票了，全部取消了座位，但是只有一个人现在显示还没有取消选座，而且取消不了急死人了
71	洗面奶能托运吗?
87	重新选座显示不一致
128	你好，我在系统里要值机选座，系统已经替我选了不能改。座位不好，我要重新选
84	不能为本人以为的三个人选座吗？
91	您好 请问航班保护是什么意思？
53	2010年的形程怎么查询
87	为什么我之前选的位子会被占
11	我问一下携带婴儿如何值机
28	选座无法取消
17	发票
91	相关错误是等我把验证码输完之后，进入下一步，结果显示，我的行程处于保护状态，我的详情不能被我自己查看。
63	托运费用
3	可以带上飞机吗
212	添加错行程
3	从河东机场做大巴到银川多长时间
14	带化妆品的规定
14	滑板可以带上飞机吗
122	如何获取电子客票号
3	身份证件
33	擦
109	更改证件号
55	东方航空公司客服。
98	改签后同行人添加不了了
105	绑定不了护照
3	认证证件
74	身份证认证失败
69	你好，请问别人在他下载的旅航纵横上帮我订过机票，他有我的身份证号码和名字，那在他的旅航纵横上是不是就可以查到我今后的行程记录呢？
46	常用联系人页面在哪里
49	你好，国际航班这里显示不了吗
3	用名字证件号码可以认真吗
7	SC8050航班什么时候可以网上办理值机
33	回答不能解决问题，急死了
59	请问北部湾航空行礼多少公斤内免费
57	可以带多少行李上飞机
13	工具箱的手机选座在哪里
13	怎么选座
3	3.24453E+12
3	还没有同意
1	退票
24	有人吗？
3	没有选坐
98	添加同行人要求我联系本人办理
3	是名字写错了，
3	为什么飞机都到了升舱结果还没有
3	没有购买的界面
3	是十周的小孩
28	值机被更改，无法取消😡😡😡
70	个人乘机凭证多久发送
5	为何手机不能选座
3	转机的值机
14	请问：随身携带手机充电宝的容量有什么规定？谢谢！
84	我们出行有6个人，我只能选三个人值机选座
23	hu7475怎么取消值机
80	哪些不能带上飞机
13	我想问一下，在这里选座后，去办理托运拿登机牌的时候座位和我选的是一样的吗
3	请发送一下我之前的选座记录
168	怎么办理托运
3	我的为什么不显示呢
71	学校手工锤子能办理托运吗？
152	亲 我刚注册完为什么一条飞行信息都没有呢
3	升舱位
5	为什么国际航班不能在航旅纵横上值机？每次都提示认证？
3	电话
51	航班起飞前多久可以办理值机
3	人工
122	没有登机牌 电子客票号
3	以前国际航班
56	为什么这次航班信息没提醒
19	好的谢谢了
257	升级pro
58	机舱安全出口一般在多少号
89	如何办理机票快递？
2	任何渠道买票都可以选座位么
3	下午4点多的飞机
57	每人行李限额
13	紧急通知座位能选吗
86	身份证丢了
38	经济舱有餐饮服务嘛
5	我为啥选不到坐了喃
128	怎样更换选座信息？
1	航班自己取消了行程，我怎么办
14	国内航线，液体怎么带
13	靠近安全门的位置可以值机吗？
14	充电宝可以带多少毫安的
49	国际航班没有显示
6	人工服务
80	国航飞法兰克福不可以带什么东西出入境
13	我怎样选座位呀？
69	如何用航旅纵横查询其它人的航班信息？
3	手机选座
33	这是什么回答
14	万花油可以带吗
7	请问6月6日Dz6204航班，何时开始网上值机
40	手机值机后，是不是可以直接去登机口登机？
14	飞机可以带手拿小风扇吗
3	怎么升仓
2	我想买张6月21日深圳到南京的票
5	不可以选座？
1	想要改签可以吗
14	一盒杨梅飞机能带吗？
13	我在手机上办理了值机
131	飞机晚点了，还是按照计划起飞的时间过安检吗？
71	500ml的液体可以托运嘛
74	我的认证始终通不过
3	没有常客卡号
30	如何查值机记录
3	进入常用联系人
24	你好
46	常用联系人在哪里
3	为什么我的优惠券扫码不行呢
221	有免费接机吗？
3	我已经购票成功
127	刺猬是不可以的对嘛
11	厦航小孩无法值机
3	瓶装白酒
122	电子票号怎么查
32	找不到座位号
32	怎么查别人的座位呢
3	可以带多少毫升
11	您好！为什么孩子不能和我们大人一起选座？
148	找不到行程单号
56	行程不足
106	你好 请问怎么取消送机服务订单？
3	免费升舱
3	值机需要什么信息
57	行李箱的大小有规定吗？
43	明早7:55从银川到重庆的航班CZ8048为啥不能在手机上选座
24	在吗
13	手机选座在哪里
12	帮别人值机，
17	怎么打印报销单
14	飞机上可以带新鲜的腊肉么。
63	托运行李超重怎么收费
3	麻烦尽快处理一下
3	就在你们这上面选的为啥取消不了
3	我的知音卡密码忘了，当时留的手机号变了，找回密码因手机巳变，用其他方式能找回吗？
3	超级经济舱和经济舱差价多大
3	连接失败
189	东西忘了拿，在飞机上
23	没有出现取消座位
58	为什么看不到机翼在哪？
3	已值机状态，可以进入候机大厅候机吗
3	首页服务界面在哪里
23	取消值机
60	预约座位可以值机吗？
102	手机值机后，为什么一直不显示电子登机牌
138	为什么查询到上限就查询不了了
13	你好，请问如何选座位
61	怎么删除常用联系人
42	户口本可以登机吗
3	飞行模式
13	怎么选座
3	泰国的航空怎么没有
3	案件
28	这个人的座位取消不了
3	怎么
3	登机牌
31	行李托运，随身带上飞机有何要求？
5	我本人操作提示非本人无法值机，
84	认证多少个人
244	1w毫安的充电宝需要走申报通道吗
45	如何添加其他乘客
3	乌鲁木齐机场截机时间
3	直接告诉我
71	白酒托运
31	托运重量
3	显示这，不让办理
98	同行人没有+
17	乘机凭证，发票
3	亚航
3	旧护照
3	我是已经登录了的
2	在机票搜索上，怎样买票
2	这里可以预订机票吗？
69	可以查询别人有没有订机票吗
156	接机，自动取消为何不退款
3	我去意大利的
129	为什么不能选择安全出口位置
3	国外航空公司
3	怎么回事呢
3	怎么差机票
3	为什么显示在其他渠道选的座
14	上飞机能带代煎中药吗？
51	起飞前多久停止值机
31	托运三个人一个大箱子30公斤，行吗
11	如何帮孩子值机
14	电池可以带上飞机吗
3	澳门登机手续
2	飞机票怎么买
70	我需要乘机证明你能搞定吗
3	理理我
3	人工
96	在哪里取消为别人值机
12	没有和我一起同行 可以帮忙选座位吗
91	到时间选座了，但显示航班保护中是什么意思？
6	需要人工客服
21	我想认证ElD电子身份证怎么办
145	申请了几遍群都没通过啊
6	人工客服
17	怎么获取行程单？
5	为什么无法值机
3	信息都对的
3	不显示
2	我定的21号深圳到上海的机票，为啥显示今晚的？
3	哈尔滨机场国航值机柜台在哪
6	客服电话
28	请问为什么我预约选座后的飞机 取消不了值机
210	如何查询两地间的飞行里程
72	如何在APP里添加孩子的信息
49	你好，我有7个国际航班行程，但是只显示了一个
56	手动添加行程确认
3	光大
11	怎样把儿童设置为同行人
102	电子登机牌二维码从哪获取
84	一个账号能给多少人值机选座
158	可以使用此软件取登机牌吗
17	报销凭据
15	更换手机号
3	能打电话办理吗
12	我帮家人买了两张票，我可以帮他们选做吗
72	添加联系人
67	有氧舱
24	你好
42	乘机证件有什么
16	补办身份证
65	我未办理值机？为什么系统提示已值机？
17	费用报销
33	有毒吧
32	您好 怎么看我给别人选的座位
3	😂😂😂
31	你好我有两个旅行箱一个背包可以免费托运吗
3	北京首都机场的国航值机柜台位置
3	你好，我的行程有一个不正确
16	湛江机场临时身份证办理
24	你好
158	东航值机好可以在自助机上打印登机牌吗
14	微波炉可以带上飞机吗
29	我为什么不能预约值机
24	人呢
3	下周青岛～拉萨贡嘎临沂～拉萨贡嘎济南～拉萨贡嘎哪里有
6	人工客服
199	用电子登机票时行李箱在哪托运
3	pro
3	578568
87	为什么机场控制人员要随意改我的值机座位
3	！！！！！
3	OPEN票
3	预约
155	到达目的地了，没有升舱，什么时候退款呢？
92	为什么，每次我要添加证件，都是证件格式错误
3	行程如何使用
3	航空公司发来飞机起飞时间变更
5	为什么我航班选不了座位？
3	带膏状没问题吧
14	电动牙刷能随时带吗
28	为什么不能取消值机
166	440513199710024026 陈悦燕 名字输错
27	怎样查看已经兑换的口令
3	你好，我的票号有四趟行程，但是app上只有三趟
3	水印相机在哪里？
17	请问哪里拿发票报账
85	已申请，已认证的账号可以申请注销吗
13	选座位页面在哪里
45	选座添加同行人名字的输入格式怎样？ 外国人 护煦
5	为什么不能值机选座？
3	怎么预约多人座位
13	如何选座啊
31	托运行李重量限额多少
24	在吗？
5	为什么不能手机值机呢
21	怎么绑定护照
14	充电宝可以上飞机吗
71	化妆品可以托运多少
57	行李两件，怎么算重量
58	哪个位置不会被机翼遮挡？
125	12周岁应该买儿童票还是成人票
30	查询航班hu7232
21	添加港澳通行证
37	澳门航空的可以网上选座吗
3	iPhone
3	电子登机牌
72	添加常用联系人
1	如果别人给我订票，我手机完成值机后，别人还能不能退票
12	自己不出行，为他人选座
3	HU7696
1	临时改签是不是很贵
14	发胶能带吗
81	你好，我发现航线图不准确啊
3	登机
3	哈尔滨机场
3	抓紧统一
3	电话
17	发票
13	页面哪里自助选座位
3	ZH4171
25	本人没有绑定身份证，为什么显示已经绑定过了
3	航班取消，无法更改值机状态
65	我的航班座位怎么系统自动选了
195	怎么取消或修改已认证的证件
17	机票发票
57	手提行李限额吗
14	烟草有没有数量限制
3	你好，怎么查看价格的？
16	福州长乐国际机场临时身份证办理
5	值机失败怎么办
3	化妆水
45	怎样添加同行人
23	如何取消值机
3	已经是12.2版本了
3	未开放座位前，可选多个座位吗？
23	你好，我想问一下，如果取消自助值机或者选座？
14	国内飞国内可以带多少条香烟
3	国际航班的飞行线路
3	修改常用
3	人工
84	4人不能同时选座
3	客服群 怎么把我踢出去啦
14	请问能带葡萄酒上飞机吗
17	行程单
177	同行人与主乘客是同航班但是不同舱位要怎么给公务舱的值机
6	人工客服
11	小孩有户口本，跟大人一起买的机票，怎么选座位和取机票
122	出票成功无客票号
31	托运行李体积重量说明
14	上飞机可以带几个手机
38	餐食
3	在哪里选票
123	航旅纵横PRo版怎么下载
3	添加同行人后，提示:非本人行程，不得值机。怎么办？
14	蝴蝶酥可以带上飞机嘛
46	常用联系人页在哪里找
174	如何查看照片
51	什么时候确定值机
134	验证码
14	带充电器刮胡刀能上飞机吗？
14	请问可以戴发簪上飞机吗
3	登机序号1是什么意思
161	查看同行人电子登机牌
58	如何选择靠窗位置
35	添加证件后，将要出行的计划为什么显示不了？
3	什么情况
56	如何添加行程
3	电子登记牌
3	为何会出现
3	这次改版很难用
14	坐飞机可以带多少毫升洗发水？
14	可以带玻璃鱼缸上飞机吗
182	加入钱包
128	因为值机没退，所以不能改啊
56	我的来回机票出来这么久也不显示出来
12	请问可以给别人值机吗
142	我想问下首都航空在巡航状态下可以开手机吗？
229	没有行李托运可以直接取票安检吗？
13	怎么选座位呢
3	CA788
51	你好，儿童乘坐飞机已在航旅纵横上值机，柜台打印登机牌有没有截止时间？
3	按照那个操作了，不行
102	航旅登机牌在哪里？
86	身份证丢失怎么办
31	除了托运行李外，还可以带几件行李上飞机
32	怎么看我选的座位
3	人工
128	我想变更座位
74	身份认证那个手机贴近为什么不行
32	如何查看其他人的值机情况
101	春秋航空是不是不支持值机
3	客票查询
69	能帮我查到朋友的航班信息吗
65	怎么帮别人选座预留座位
3	可以在飞机上听歌吗
7	我是9号凌晨40分从上海浦东机场起飞到布达佩斯航班什么时候可以手机值机选座
3	国外航空公司航班
128	座位是在你们app上定的，航空公司需要联系你们，更改的
3	办理里程卡
5	为什么不能手机选座
3	不是英文证件是身份证名子
125	今天孩子生日，坐飞机有惊喜吗
201	孕妇服务
29	预约值机不成功
49	国际航班不显示
40	办了值机还需要换登机牌吗
23	我要取消值机
3	为什么不能注销
6	人工服务
167	可以尽快审核吗
3	二维码登机
14	你好，乘飞机允许带白酒吗？
11	儿童票值机
3	昆明机场支持EID过安检吗
124	帮别人值机显示没有行程
71	鸡蛋能带上飞机或者托运吗
30	怎么查人家帮我订的机票。
16	身份证丢了怎么取票登机
14	日抛隐形眼镜可以带几个
144	首航JD5894飞行高度大概多高
14	电动剃须刀可以带上飞机吗
69	怎么通过姓名和身份证号查询航班信息？
13	手机选座页在哪里
16	怎么办临时身份证
17	我16号的行程，为什么还不能打印行程单
3	充电宝
125	婴儿如何购票
3	里程
56	定了机票这边怎么没有显示呢
141	常客卡是什么意思
5	為什麼不能線上值機
3	人工
12	可以帮别人值机吗？
3	噢噢！！看到低价票，😭😭
94	如何购买航班意外险或者航班延误险
39	如何确定是不是联程机票
181	儿童单独
3	怎么添加行程人
3	玩手机
23	怎么取消值机
14	洗衣粉能不能坐飞机
3	春秋怎么看不出
3	报账
3	选座
3	航班取消
3	朋友都成功了
16	身份证丢了怎么值机取票
23	取消值机
17	发票多久能到
58	HU7736机翼的位置在哪几排
6	人工服务
128	怎么改不了座位了呢
58	38K是机翼吗？
113	重庆T3投诉电话
3	个人全部行程列表
91	选座是显示信息保护
166	手机值机姓名不对
69	怎样查别人的航班信息
17	机票行程单打印
17	你好 我怎么打印行程单
102	怎么查看电子机票
2	买票点不进去？
3	说是我不能通过小横取消
3	解除他人的绑定
69	身份证号查询机票
69	如何帮别人查询预订信息
13	电脑网上怎么值机
3	是同一航班
3	eid无法开通
86	身份证丢了
109	你好，我的护照换发以后要登记新的护照号
154	未来行程删掉了，怎么找回
2	订票支付方式用微信可以吗
26	我是为家人办理的值机
30	怎么查航班
166	我输入的护照姓名 认证后名字变了 怎么回事
17	电子发票需要取票马
3	值机柜台k
49	国际航班没有显示行程吗？
13	哪里选择同人值机
3	认证出错
79	你好，请问一下，要托运可否手机上值机
33	太费劲了
3	充电宝
57	行李箱可以带上飞机吗
3	自助值机
49	你好，问下为什么行程显示不全，只显示国内航空公司
1	我需要取消航班
11	带两岁半小孩可以手机选座不
3	请问如何避免自己的行程被旧设备的使用者看到？
69	只凭身份证怎么查航班
127	拍立得可以带上飞机吗
14	西瓜能手提上飞机马
69	儿童已订机票查询
69	如何查询别人的航班
65	预留座位
114	既然不能保证我的座位，那你们提前预约值机有啥意思呢？我已经给朋友发送过座位了，现在岂不是很难看？
12	自己的账号可以帮别人选座吗？
213	常用联系人在哪里修改
115	取消值机还可以继续值机吗
5	为什么已显示值机状态，但又不能手机值机
3	有了电子登机牌怎么进站
3	选座
14	液体可以带多少
6	你电话
3	延误
12	给别人选座
13	怎样选座？
86	北京机场遗失物品电话
6	转人工
166	证件姓名怎么修改
3	预定选座
56	为什么看不见机票订单
49	国外的出行怎么查不到
3	国际航班
266	临时身份证可以取票吗
71	请问，托运可以带剪子，螺丝刀，钳子之类的东西吗？
60	预约座位
5	福州到香港的机票不可以值机吗
115	取消值机后可以接着选择吗
3	非本人身份证
3	多少毫升
14	携带吉他登机
13	阜阳飞往昆明的飞机可以网上值机吗
14	奶粉带上飞机需要打开查验吗
3	我想问一下
5	我怎么不能手机选座
30	麻烦问下，有身份证号码和电话号码可以查询航班信息吗
3	客票号
16	身份证丢了，明天能上飞机吗
26	我怎么帮朋友值机
3	QR1409
11	为什么选不了同行孩子的座位
96	如何取消添加的同行人？
6	人工客服电话号码
1	我现在要退票推不掉，是携程网订的，在航宇纵横上手机值机的
3	客服
51	是不是还没到网上选座时间，不能提前办理值机？
3	第一次用你们的软件，不太了解
56	关注列表里的航班没了
14	6寸生日蛋糕可以带上飞机么
91	你好！请问7月16日海航7304航班什么时间才开放选座，目前我看到的信息是“航班保护中”。谢谢！
37	广州到柬埔寨的航班可以选座吗
3	工具箱在哪里
49	我的行程记录 只有中国的。其他国家的记录。怎么找到
12	我想帮我妈妈值机
3	带婴儿坐哪个位置好
6	人工服务
56	有些行程没有显示
216	已经结束行程，却提示该行程尚未乘坐
3	咋回事
20	飞行记录
24	您好
38	你好，怎么看自己机票有无餐
208	我给家人定的机票，想提前选座位，怎么操作？
3	CZ
3	空中模式
12	我要如何帮别人值机选座
14	周黑鸭能带上飞机吗
3	什么时候能知道预约的座位有没有选中
3	新郑机场
3	察寻
21	如何认证？
3	人工吗？
175	到机场客服处租轮椅吗？
32	我选择座位后再次登录不显示有座位号
187	客票监控
67	如何申请有氧仓？
3	这么认证
3	人工
24	你好
3	记不住电子客票
7	13:05从太原飞往珠海的航班怎么没不开放选座位呢
57	我的箱子可以上飞机吗
7	怎样才知道已经开始选择座位了
66	里程兑换
3	里程卡
81	请问能添加国际航班路线图么
12	可以帮别人选座位吗？
104	资料认证姓名是对的，值机的姓名是错的，怎么办
3	香港人
57	登机箱是多大
3	手机开机
240	可以购买旅豆吗？
23	没有取消座位按钮
51	可以提前托运行李吗
56	为什么看不到行程
16	未带身份证
139	为什么有的座位是锁定的
6	有没有电话咨询
252	雷暴天气
3	已经最新版本
3	下飞机到取完行李需要好久？
3	之前手机号忘记怎么办
190	我想问下那个常客卡怎么办理
3	请尽快处理
11	为什么和成人一起添加值机，儿童显示航班不同？FM821
3	能不能听明白话？！
3	我看到公务舱有空位，为什么升舱不成功
3	工具箱在哪里
3	自己不能添加，必须由你们来修改
3	取消不(;｀O´)o到
71	托运液体
71	喷雾可以托运吗
3	证件格式
3	办理托运
17	发票报销
31	行李托运有件数要求吗
2	如何订机票
6	客服电话号码是多少
17	行程单
3	手机选坐
51	预约值机，需要多久位置能确定
109	：换新护照信息怎么处理？
3	普通版和pro版本
53	如何退升舱
0	如何修改同行人信息
6	有人工接听电话号码吗？
3	值机
109	更换身份认证
126	为什么没有办法手动加入行程
13	我要取消给别的值机，提示在工具箱操作，怎么找不到工具箱
42	eID电子身份证乘机
171	预约值机在哪取消
3	电子登机牌支持
12	怎么查看帮别人的选座
5	为什么无法值机
37	坐厦门航空回国可以手机值机吗
174	怎么不能拍照
3	我的姓是徐xu
3	怎么操作
3	已经出行的登机牌
5	为什么手机不能值机？？
65	我没有值机，为什么自动值机了呢
14	真空抽气泵可以带上飞机吗
14	可以带腊肉吗
46	如何查看常用联系人
131	飞机延误
2	如果帮助别人买票
13	请问我想值机选座
56	请问我为何看不到自己的航班
84	我们一行四人 为什么只能选三个座位？
13	值机座位是否保留
3	为什么认证要微信支付密码
149	什么是在线值机
3	我想关注我家人的航班信息，可以么？
17	手机上可以打行程单吗
56	行程提取
3	昨天留言没回消息啊
3	人工
80	什么不能带上机
3	常客卡怎么弄
3	浙江附近哪里飞三亚便宜
6	客服电话
187	客票监控在哪
64	上机流程
14	可以带几条香烟
3	我上面显示已经是最新的了
148	怎么拿电子行程单？
188	病人
148	电子行程单
28	选座取消不了
21	如何帮婴儿认证
3	人工
8	为什么认证了护照会有个删除键
3	可以扫码登机吗
85	怎么注销
19	好的，知道了，谢谢您。
38	购买餐食
73	到晚上了，航班座位还没有开放，究竟有没有这个功能啊？
3	同行的其他伙伴都可以取消，仅一人不可更改是为什么？
3	请问怎么查票？
114	为什么预选座位被调？还要预选干什么呢？
3	账户信息在哪儿
80	请问天津航空对随身携带行李箱的规定
71	电磁炉可以托运嘛
3	航班取消了
3	如何添加小朋友信息
79	网上值机好还能托运吗
154	误删了很多行程
56	我的机票怎么查不到
23	取消值机
127	除汗喷雾可以带吗？需要托运吗？
3	【海尔】【孙鹏翼】2019-06-20 10:05飞11:35降SC4662上海虹桥T2-青岛，票号324-4539175765已出票。
1	去年买的票没使用，可以退吗？
3	我之前用支付宝注册了航旅纵横
3	抓紧同意下
57	24寸箱子可以带上飞机么
3	行李延误
57	携带行李箱重量
104	值机时新增人员的名字错一个字同音不同字会有影响吗
57	国际航班小孩子（10岁）是和大人一样带行李么？
3	升仓出现重复收费
63	行李超重怎么收费的
47	春秋航空的行程找不到
247	航班信息错误
3	请问怎么帮别人安排接机
56	为什么我好多的行程都没有
5	办不了值机
244	染发剂可以带出国吗
25	我都没有注册过、为什么显示我的信息已经被注册了
3	Zhang Xi E44237192
30	定了机票以后多久可以查到行程
42	乘机证件有哪些
45	添加乘客
14	托运液体重量限额
14	能随身携带白酒上飞机吗？
94	没有登机牌，需要保险
236	联程机票如果第一段目地的备降其他机场，那第二段航班怎么办
2	怎么购票
46	如何找到常用联系人
3	人工
6	你们有没有电话可以联系？
64	值机怎么登机
3	海南航空常客卡
3	电子票
57	可以带上飞机的行李重量
57	免费行李额
3	人工
1	值机后可以退票吗
3	如何更改电子邮箱
23	已选座位 如何取消
3	在手机上办eld识别身份证怎么不成功
23	帮我取消HU7505的值机
24	你好
30	这几天我有行程吗
3	旅豆
51	飞机延误值机时间会延后么
3	航旅纵横售后电话多少？
3	超级经济舱
44	没有买机票，为何显示登机提醒！？
3	这个怎么解决？
32	找不到座位信息页
13	请问怎么选位置
60	提前选座
14	护手霜能带上飞机吗？
3	已经购买，想要纸面单据。到哪儿取
3	值机信息填了10几次了
6	你们的客服电话
37	现在都支持哪家航空公司在线值机
13	3张机票可以同时值机吗
13	怎么在手机上选座
14	20800毫安的充电宝可以带上飞机吗
7	网上值机最早可以提前多久值机
9	投诉 在贵平台预定了接送机服务 但是无法开具发票
3	舱位
13	我要值机新加坡航空的
17	怎么办理报销凭证
3	航班取消钱会退么？
56	如何添加以前行程
90	机场雷达如何打开
56	我明天从烟台飞上海的机票，没显示
74	认证问题，另一个手机注册，这个手机要登录，不行。另一个已退出，还是不行。
26	我想咨询一下，我的账户可不可以给同行的人办理值机
3	出票提醒
24	在么
32	找不到座位界面
58	选安全出口前面的座位
74	身份证认证不了
3	值机
13	怎么在手机上选择位置呀
24	你好
161	同行人登机牌
21	幫我認證護照
87	值机座位与登机牌作为不一致
13	请问学生没有持户口簿可以在这个软件上办理值机业务吗？
14	充电宝可以带几个
3	网络错误是怎么回事
2	要如何订机票呢？
2	航旅纵横卖机票吗？
3	北京首都机场有哪几个航站楼
3	之前有距离起飞时间，现在没有了
12	我不是乘客可以帮别人值机吗
56	机票不显示
3	微信认证为什么需要我的密码
84	值机只能帮同行两个人值机吗
11	孩子不能值机吗
14	充电宝可以带多少毫安的
12	可以帮别人选座位吗
55	南方航空的电话是多少
44	值机提示非本人行程
23	如何取消值机
37	能否给山东航空的航班办理值机？
13	如何选位？
24	你好
46	常用联系人怎么找不到
58	紧急出口位置怎么选择！
23	取消我的值机
2	请问，你们这个软件要怎么购买机票呢
50	儿童需要提供什么证件办理登机
64	都没有这些怎么坐飞机
53	为什么一年前的航班不显示
3	Middle name
3	人工
282	我订的票是商务舱，为什么只能选头等舱的座位？
14	电动牙刷可以带上飞机吗
136	我在这界面上传照片的时候却上传失败，且说网络繁忙，但我手机却又连了网的，请问是怎么回事？
13	选坐位在哪里搞呀
43	CZ6123可以手机值机吗？
3	人工
3	人工电话
24	你好
160	你好 请问值机了 就不要拿票登机了嘛
23	胡文林的机票怎么取消值机
3	乘机
40	网上值机以后还需要打印登机牌嘛
91	选座时候显示行程保护
3	这个可以托运吗？
94	赠送延误险
3	怎么赔
263	为什么多次认证失败
3	工具箱在哪
3	只有我朋友一人 我们没有同行
6	客服热线电话
33	为什么不解决问题？？
24	你好～
56	联程票只显示了第一程
2	如何订票
23	我的位子选的怎么取消呀？
3	？
3	上传给你行吗
3	登机牌可以代领吗
83	机场电话
30	如何查询我买到的机票
3	工具箱
3	怎样取消
102	你好！电子登机牌什么时间可以办理
5	MF1180选不了座位
16	临时登机这名
13	亲😊选座位页面在哪里
24	hi
17	东方航空 行程单怎么打印
3	这就是最新版的
6	客服电话
3	怎样查看行李不含在机票
13	怎样选坐
13	选座功能在哪
41	怎么看之前的机票价格？
12	怎么帮别人选座位
3	出票时间
57	20寸行李箱可以带入客舱内么
5	为什么不能选座
3	中国不是停飞波音客机吗？
8	删除原有用户证件认证
1	退票怎么收费
3	麻烦通过一下
3	有找到页面怎么样取消
3	红土航空
162	旅豆干什么用？
3	值机
26	怎么帮同行人值机
3	在航旅纵横的哪个页面有工具箱
6	请问有人工服务电话吗？
5	无法办理值机呢
78	飞机上可以打开蓝牙吗
7	我买了2019年7月12日21时35分的机票，为什么到现在还不能用手机办理值机？
3	飞行模式
13	买了机票，怎么选座
102	值机二维码可以直接去安检口吗？
14	坐飞机可以带充电宝吗？
3	春秋航空
3	证件信息有误
3	没办法自行删
3	😚
56	行程不显示
13	怎样手机选座
3	你好，买票之后，又想带小孩出行该怎么办
230	pro查不到11年行程
13	怎么进行选座？
3	zai
1	已经值机但要退票
76	那个之前付了钱改签为什么机票显示提醒没变
13	怎么选座位？
3	人工电话
3	提前几天能看到未来行程
21	添加新证件显示证件类型
93	航班延误已发更改起飞时间，是按照原起飞时间去机场还是按照更改时间去
24	您好
57	请问经济舱可以同时携带背包和行李箱登机吗
113	行李破损，提起赔偿不超过多少天
3	携带物品
51	你好，我们这班机几时可以值机？
153	折扣商务舱是否可以享受贵宾厅服务。
3	值机就是选座
75	有小朋友一起，会有儿童餐吗
21	怎么能再次注册
71	护肤品150ml 可以托运吗？
5	为什么同一个飞机我的不能值机而其他人的可以？
68	中转行李托运能直接到目的地吗
11	如何给儿童选座
134	值机，手机验证码一直收不到
14	飞机上能带哪些东西
75	可以预定儿童餐吗
26	同行人值机数量限制
38	需要餐食怎么预定
45	怎么添加同行人
3	选坐
14	化妆品可以带吗
55	天津航空电话
3	选座
24	你好
10	怎么升舱
3	？
3	摆渡车
3	私信记录
63	超出的行李如何收费
14	辣椒酱能不能带上飞机
102	我已经生成了电子登机牌。可是我退出页面了。找不到了
31	行李托运多少斤是免费的
3	这个怎么处理
56	缺少行程记录
72	可以添加家人信息吗
44	我没有定机票为什么出了一张票
3	大贝壳不托运
3	如何绑定行程
268	儿童名字后面加CHD是什么意思
73	想查一下这个身份证啥时候起飞
84	预定值机，只能选择3个人的吗
24	你好
94	你好，如何购买延误险
3	订错票
89	如何打印国航登记牌
3	点取消取消不了
148	如何查看行程单
11	小孩值机
84	添加不了第三位同行旅客
5	你好！为什么我值机时上面显示非本人不能值机
5	已经出票了，手机不能值机是什么原因？
74	你好！我要关联护照，怎么关联，提示我的中文名和英文名不匹配
56	为什么我买了机票，今天出发，还没有信息显示的？
31	一个箱子，一个包总重不超过20公斤，两个都可以托运吗？
11	儿童手机选座
17	我需要行程单
14	化妆品能带上飞机吗
145	已申请加群，请通过
3	注销还等待
47	为什么春秋航空的没有记录
3	未来支持国际行程？
2	我购买机票
226	飞机上有没有无线
7	22号的mu220航班什么时候开始选座
6	怎么联系客服
51	请问一般什么时候可以值机啊？
115	你好，取消值机后还能再次网上值机吗？
203	机票名字错一个字
3	仙桃机场半夜十二点到怎么去南站
57	可上飞机的行李箱多大
3	其它渠道指哪方面？
5	您好，为什么我的航班不能选座位
99	购买机票的身份证过期
3	请问我帮别人值机，如果把他的身份证号输入错误了，还能正常办理值机吗？
71	桶装冻虾能托运吗
56	行程提取仅支持本人添加行程
7	我现在不能值机选座
3	升舱
24	你好
84	我还有3个未预约座位
94	飞机延误如何索赔
83	贵阳机场派出所电话
3	eid
3	护照
17	我想打行程单
3	飞行模式
31	HO1840航班有没有免费行李托运
3	升舱一直显示等待中
9	出租车发票
71	洗发水可以托运吗
3	联系人
3	为什么没显示
3	如何删除同行人
56	别人帮我汀机票怎么查
3	我之前误机了
23	怎样取消值机
226	飞机有Wi-Fi嘛
3	我想问一下 我的座位选好了吗
82	登机牌补
75	我要预约儿童餐，素餐怎么做？
56	行程里为什么只有2017年2018年的，没有2019年的
50	出生证明
11	我给3个人值机了还有一个儿童为什么值机不行
13	经济舱可以选座  8A吗
3	请问航旅纵横可以买到这个票吗
21	如何绑定护照
30	如何看之前坐的飞机的延误信息
49	您好，我泰航的行程怎么显示不了。
60	预约座位可以吗
139	值机选座，有的位置是上锁的
113	行李箱托运损坏了怎么办
14	洗面奶可以带吗
3	只给别人选可以吗
3	开票
130	吸烟区在哪儿
158	电子登机牌怎么登机
30	查一下我的机票
30	用护照号怎么查询航班
6	人工客服
2	为什么不能购买机票
56	没有去南昌的机票显示
3	每日抽奖在哪？
11	婴儿要不要选票
111	儿童如何打登机牌
139	好多座位全部带锁
3	飞行地图
14	能带熟食上飞机吗？
3	微信客服
281	客票号中有字母怎么不对？
3	跟团也可以自行选座嘛？
153	VIP贵宾厅
14	护肤品乳液可以带吗
42	无身份证 乘机
51	土耳其航空几点开始值机
25	认证信息不是本人
5	东方航空怎么不能选座位吗？
45	如何添加其他乘客
3	认证成功，就是有这个行程吗
3	联程
11	请问父母能帮11岁孩子在手机上办理国际航班的值机吗？
34	怎样查询自己的机票订单
224	WIFI租赁
53	一年前的行程记录查询
3	我刚才试着选座 AC这两个座位挨着吗？
3	为啥消息通知不显示了
102	软件怎么显示不了电子登机牌
69	如何添加其他乘客的行程呢
94	飞机延误多长时间才给予理赔
82	机票掉了还能补办吗
25	我现在上不了航旅纵横提示说：该证件己被其他帐号认证
161	发送同行人的电子登机牌
60	怎么预选座位
24	你好
33	什么破软件
3	怎么预定
181	满16周岁的小孩可以做单独坐飞机吗？
3	值机器
14	粉底液能不能直接带上飞机
5	你好，我已完成认证，怎么不能办理值机，点值机时为向又要求认证？
17	发票如何取得
148	电子行程单在什么地方？
139	值机时所有显示绿色的座位都可以选吗？需要补钱吗？一般第一排至七排可以选吗？
54	我的行程开放值机后为什么没有短信通知
13	请问在哪里自助选择座位
71	液体物品托运上限
15	你好，我川航会员更换了手机号，那么在航旅纵横APP上查询卡片信息的时候就显示我手机号无效，这个怎么办？
3	选座位
14	可以带化妆品嘛
109	更换护照后如何办理证件认证
3	通过一下，太费劲了
3	选不出来呢
14	飞机可以带充电宝吗
3	出行信息怎么没了
56	为为什么实名认证后没显示明天的行程？
3	那个选项
3	怎样设定以前的航班信息
17	去年的机票怎么打印报销凭证呢
24	你好
3	GS7875
14	液体
24	在吗？
51	电子值机以后最晚几点可以过安检
3	没有工具箱
6	客服电话是多少
3	人工
57	行李箱限额
3	无法获取仓位图
22	添加行程后，显示非本人行程，无法值机
38	穆斯林餐
14	洗面奶200毫升的可以带吗？
57	行李额度
128	怎么换预定座位
5	明天的飞机为什么今晚不能值机
53	我以前的行程为什么不显示
29	不能预约四川航空的国际航班值机吗
14	100ml的水，乳，洗面奶可以随身携带吗？
3	哪里加入
71	行李箱托运能带面膜吗
71	液体托运
12	我怎么给我的家人订位子
159	能否添加别人的证件
1	改签
24	你好
16	身份证丢失了，能取到票吗
3	你好 我最近有没有飞行
13	已办值机，怎样取消？
175	如何和机场联系轮椅服务
58	紧急出口选座
11	我用自己的手机替孩子购买了机票（北京至巴厘岛）怎么没办法值机啊？
14	蜂蜜坐飞机可以吗？
179	OPEN票怎么办理
13	如何在线选座
5	为什么不支持值机？
3	微信
17	差额发票可以补吗？
57	行李额
3	为什么限制
69	怎么用身份证号码查机票
84	座位可以选四个吗
1	我上两天换了那个2011以后的行程
3	如果航班晚点怎么计算
91	为什么值机选座显示开启保护
121	添加不了证件
2	别人帮买的机票
1	能改签？
58	机翼旁边靠窗的位置有哪些
11	值机能不能大人和小朋友选择在一起？
11	1岁宝宝值机
10	要提前多久可以付费升舱
23	取消值机
3	那个eid，可以在首都机场T3用么？
53	2011年前的行程能查看吗？
24	你好
6	人工客服
16	请问11岁的学生没有身份证可以搭乘飞机吗？
3	哪天便宜
56	路线图如何添加国际航班
3	机票出了该怎么操作
71	插排可以托运吗
3	QR1409实际飞行与航旅纵横航线图差异较大
17	发票什么时候寄过来给我
85	我需要注销
51	飞机起飞前多长时间停止登机？
29	为啥选不了预约机
5	不能帮他人值机
8	我要删除证件
101	春秋航空公司的航班可以办理手机值机吗？
3	已经发送了，需要多久能删除呢？
3	None
14	飞机给自带食物吗
2	不能点购买机票
82	补打登机牌
13	如何办理选座
13	如何联系航班值机
3	充电宝规格
23	取消值机
3	我是说网上选座
3	美国航空
24	你好
3	18092604988
15	孩子用这个软件换了另一个手机号码未认证成功，我再上这个就上不去了
3	eID如何开通
71	烟和酒能托运吗
1	改签
71	托运可以带液体多少毫升
56	去哪儿买的机票这里不会显示马上
3	厦门到张掖的航班
3	幼儿
21	认证身份证和名字有误怎么办
3	可以两人的行李放一个行李箱吗
3	😓😓😓
29	为啥不能选预约
3	怎么添加三个以上的乘客
3	我的行李箱怎么还没到家
6	人工服务
13	怎么选座啊？
3	你好，协议签订界面在哪
79	需要托运行李，就不能提前选座吗？
49	我3月去的清迈，6月去的俄罗斯，为什么都没有行程显示？
3	销户
3	“通航机票“是指“通用航空公司“的机票吗？
24	你好
3	深圳航空
7	FM9457什么时候正式开放选座
3	历史值机记录发一下
19	好的，谢谢
188	打扰问一下。70岁，做过心脏支架的可以坐飞机吗
11	我给同行的朋友选好座位了，可是她女儿（小朋友）的座位没办法选，该如何添加
10	这个可以升级仓位么？
102	电子登机牌如何下载
123	哪里下载pro
43	CZ3712为什么不能手机值机呢
3	FU7501
13	我怎样选坐位
14	化妆品可以拿透明旅行瓶装吗
145	加QQ群还没通过
200	需要签证吗
3	接送机无订单
164	你是谁做的
3	票号哪里查询
17	要不报销不了
69	用身份证能查到航班嘛
3	机票
209	在哪买往返机票？
166	我的姓名改了，身份证号没变，但是认证不了
49	为什么不显示国际航班
56	当地时间7月5日s7418纳德姆飞莫斯科没有添加上呢？
3	登机牌
3	医生处方证明给谁看
55	首都航空公司服务热线电话是多少
3	鸟川航怎么无缘无故的航班取消了啊
30	如何能查到别人给我订的机票
45	怎样帮同行的人添加到航旅纵横来
6	客服电话多少号
57	行李运输是多少一公斤
74	为什么我的身份证认证不了
3	人工吗
3	亲，在那里换登机牌
23	被他人恶意值机如何取消
19	谢谢
6	人工客服
3	取消不了直机
214	你好 我的值机作为发生了更改
3	怎么添加人
47	你好，问下春秋航空为啥在行程显示不出来
3	春秋航空行程
218	取消租车
158	打印登机牌
33	能不能解决问题？？？
85	手机号被别人使用 该如何注销重新注册上传证件？
32	座位信息在哪里？
63	行李托运费一公斤多少钱？
44	没有订票为什么出现无效票？
3	想請問0705 飛北京的FM9103是取消了？
1	如果行程改变，已购的机票多久时间内可以改签？
3	剪子
14	可以带液体吗
16	临时居民身份证
3	现在这个飞机是不飞了？
14	自嗨锅能上飞机吗？
3	eld二代身份证怎验证很久都验证不了？
57	一个人的行李限额是多少？
2	谢谢小横！再问：国航、山航、南航、东航等其它航空公司的机票啥时候可以在手机APP上购票呀？
79	办了值机以后要托运行李，还是要先去换登机牌是吗
11	带婴儿乘坐飞机，不能手机选座吗
46	常用联系人的页面，在哪里？
60	是不是我网上预约座位后，在去航空公司app办理值机
6	请问有电话客服吗？号码是多少？
3	在线选座
13	值机状态怎么查询
3	为什么我验证不了
53	为什么我之前的行程有一部分没显示
28	还是取消不了值机啊
2	不支持购票？
3	国际部分只能手动添加？
3	行李托运
11	我想问下，孩子怎么值机
2	提前7天买票
79	请问办理值机以后，还可以到机场托运行李吗？
64	首次坐飞机
38	CA1139上有餐饭吗？
49	国际航班没有行程历史记录
38	Mu2709有餐食吗？
51	你好什么时候给我选的值机呀
14	充电宝最大能带多少毫安
14	充电宝可以带上飞机吗？
3	烦人
59	MU2065行李托运限重
3	已经提取出来了
3	人工
3	拖运的行李交给谁
7	付费选座什么时候出票能成功
3	😑
49	你好，你们这系统为何没有显示国际航班预订信息？
80	机场安检要求不能携带的行李
3	卡片在哪块
3	😚
114	我预约的37A的座位，为啥现在成了44K了？
10	如何升仓？
11	带婴儿能手机选座吗
12	怎么帮助别人选座
159	其他人证件怎么添加
65	我被莫名选了座位是怎么回事？
37	国际航班能不能手机值机
3	添加不了
3	电话
6	客服电话
56	为什么不能显示行程？
3	人工
26	可以帮助朋友选择位置吗
30	请问怎样查国际航班
3	经停是什么意思
51	值过机了，起飞前多久还可以托运行李
3	电子登机牌
30	在其他网站买的机票这里可以查到么
63	首都航空沈阳到海口jd5222航班，没有免费托运行李，带行李怎么收费
3	什么情况？
51	可以提前一天取登机牌吗
158	怎么打印纸质登机牌
14	请问，去旅行上飞机能带风油精和防晒喷雾等液体类的东西吗
84	不能值机多人
3	截屏使用
33	说了也白说，等于没说！
41	机票查询
46	如何进入常用联系人页面
24	在吗
3	如何区分经济舱
5	认证好了怎么选不了位置啊
3	充电宝
14	请问冰鲜三文鱼肉带冰块能过安检?
3	托运行李
56	行程没有显示
7	几点可以选座
87	为什么已经直机好了，座位被换了
6	你电话是多少。
3	托运
216	为什么显示我未乘坐
84	出行的是两个人，怎么输入第二个人的信息，再进行选座啊？
13	我要值机
71	带肝素针剂托运要医生证明是吗
102	怎么看不懂电子登机牌了
3	儿童
3	联系人
3	证件认证错误
3	人工
5	我为什么在航旅纵横上不能够值机
57	20寸的行李箱有多大
14	可以带电动剃须刀吗
3	麻烦看一下图片右下角
14	充电宝可以携带吗
3	天龙航空为啥不显示
3	地址修改
3	航班没赶上
3	多长时间能修改完成
38	机餐
69	如何用身份证查看航班信息
84	同行人6人
179	open票是怎么来的
16	珠海金湾机场怎么办理临时身份证
16	临时身份证办理
96	怎么取消他人值机
14	卷发棒能带吗
8	如何删除已认证证件
3	E60665707
3	怎么设同行人
6	人工服务
143	忘记以前的账号
3	人工
5	而且还不能值机
3	路径？
16	南宁机场临时身份证办理
3	加入不成功
17	如何打印行程单
71	托运的肝素针剂，医生处方在办理托运时出示吗
24	你好
3	请正经回答问题
3	怎么没有岳阳机场信息
6	人工客服
2	为什么点击购票没反应？
3	选座位
1	改签
2	可以订机票吗？
51	提前多久关闭值机
109	我的认证证件不小心改成了孩子的名字
7	什么时候才可以选座
166	我的姓名进行过变更，如果重新进行认证
24	哈喽
74	请问认证不通过是什么原因
11	不能为儿童值机吗
29	为什么我预定不了位置
3	😡
40	手机值机以后，还可以打印登机牌吗
50	你好，别人带我女儿（五岁儿童）乘坐飞机，女儿没办过身份证，只拿女儿的户口页可以登机吗？
71	托运宠物
3	港澳
226	怎么订国际航班wifi
6	客服电话
56	为什么行程没有显示
16	没有身份证怎么值机
3	无法进入严格验证
28	取消值机无法操作
190	你好，如何成为常客
13	在携程上买的票能在这值机吗？
46	找不到常用联系人
16	临时登机证明
13	你好 怎么选座
3	生僻字
53	为什么两年前的行程没有显示
3	取消不了
3	充电宝毫安
3	已经是最新的版本了
28	我取消今天下午出发重庆到天津的值机业务取消不了
71	亲，酒水能够托运吗
3	你好！为什么机场有的搜不到呢？
17	报销凭证打印错了
183	划线的旅豆一直没结算
49	国外的出行记录没有
1	小横，改签能改多长时间
126	春秋航班无法加入
51	到机场的时间
33	我跟你们反馈了半天有用吗？
153	贵宾厅
3	898-5519043510
12	自己没有买票，能不能帮别人在手机值机
3	手机值机后只能预约座位，怎么才能确认选座？
7	国泰航空的航班提前多少小时才能办理网上值机？
3	为什么差不到航班号
12	可以帮别人值机吗
3	选座
3	问问航班
13	在哪儿选座
3	都是最新版本
23	请人工帮我取消值机
23	取消值机
123	pro怎么下载
3	托运需要签字马
85	注销要多久
3	航旅纵横主要的功能
127	床上四件套能不能带上飞机
3	电话☎️
30	如何通过身份证查询航班信息？
3	选座
17	可以打印电子发票吗
24	你好
3	哈尔滨机场东航值机柜台
117	失物招领
3	电子客票是什么
3	可以使用手机吗
5	无法办理值机
182	创建航旅纵横桌面快捷方式
23	没有取消座位的按钮
24	你好
15	请问如何更改电话号码
56	你的机票没有显示 为什么
6	客服电话
125	请问婴儿几个月可以乘飞机
230	不是讲3个工作日内可以查询到2011年后数据吗？，咋过了这么多天还是只看到2015年后的数据？
140	机票验真
3	人工
11	如何为儿童值机
5	选不了座怎么办
3	没有这些页面如何处理？
45	手机值机如何添加同行人
97	给我订一份东方素餐把
13	你好请问怎么选座？
41	机票搜索不到
85	注销账户后多久可以申请账户？
3	有无托运资格
100	22寸行李箱需要托运吗
91	航班保护中不能选座位
17	做过的飞机发票能打印吗
109	证件信息更改
8	如何删除认证的证件
3	选座不是你们给选的
86	身份证丢失
60	上海航空可以提前选座吗
11	如何添加同行儿童值机
51	国际航空安检时间
5	我7月9号的航班 怎么不能手机值机
3	3
3	手机值机未获取旅客信息
12	帮别人值机
56	我的行程怎么没有显示
3	1
55	怎样联系航空公司呢
251	添加常客卡显示非本人常客卡怎么回事
127	电动剃须刀必须托运吗
3	座位图有吗
13	怎么办理选座呢
45	怎么添加通行人
3	选位置
14	坐飞机可以带卷发棒吗？
3	费用多少
150	商旅纵横注册护照上的英文名输入错误 怎样能更改
29	我预约过了，不小心取消了，现在也预约不了了
89	机票报销用如何取
14	上飞机能带铁锁吗
31	我是想问我明天的行程有免费托运额吗？
3	出票
3	怎么添加孩子信息呢？
3	知音
2	怎么买飞机票
3	找不到航班
63	没有免费行李额，那20村箱子能自己带着上飞机吗
3	注意事项
134	获取验证码次数超限怎么办
28	网上值机取消不了
6	人工服务
94	延误险怎么赔付
6	你们客服电话号码是多少？
3	你帮我看看，我的通航信息
82	登机牌可以补打吗？
3	更改邮箱
14	退热贴可以带上飞机吗
15	这是我的登录名和注册手机号
3	我在去哪儿网订的7月9日的票，为什么航旅纵横显示的是10号的票？
3	可以选飞机票吗
6	客服电话
3	如何有贵宾服务？
84	值机一次可以值多少人
276	如何添加更改常旅客
63	请问只有免费托运行李额没有免费手提行李额
3	人工
3	？工具箱
41	查机票
3	我的问题能给我解决了吗
3	PRO版费用多久
154	不小心删除了行程
3	一直取消不了
59	您好，国际航班行李限额多少啊？北京到塔什干，乌兹别克斯坦航空
3	航班号
53	2012年的航班
14	iqos电子烟可以带上飞机吗？
5	为什么我的航班不能值机
3	工具箱怎么进入？
3	孩子14岁
243	我九日下午乘国际航班  我没买头等座  有幸成为贵宾的  想知道  谢谢
79	可以先值机在纵横航旅上办，托运再到机场办吗
220	一个手机号只能认证一个证件吗
30	怎么查看以前的航班信息
3	人工
3	100ml是多少
3	旧护照
6	客服电话多少？
51	飞机延误了2小时，可以晚点去安检吗？
211	查询机票次数超过限次
3	最多可携带几条
3	实时座位图没找到添加按钮
3	口令
24	你好
3	等多长时间我进去看
271	身份证末位x怎么添加常旅客
1	我想改签
71	矿泉水托运重量
71	笔记本电脑可以托运吗？
3	注册的时候一直显示飞猪已注册过，一直登录不了
2	可以帮别人买票吗
22	帮别人值机后如何查看别人的电子行程单
24	在
28	值机完成，无法取消
148	怎么取得电子行程单
3	国航在哈尔滨机场值机柜台
12	发送其他人的值机
73	Mf8215是延误了吗？
11	儿童办理值机显示失败
24	你好，有人工吗
3	为啥机票此旅游网站贵
80	不准携带物品
22	提示我非本人行程，不可值机
5	为什么无法值机
3	兑换码
71	指甲油可以托运吗
6	你们人工电话
1	退票
3	在身份认证时，要求用微信或支付宝
14	西瓜可以带上飞机吗？
11	28月小孩子无法手机网上预约值机！怎么处理
8	我要删除认证身份证
3	iOS现在是12.2，问题解决不了
17	怎么差不多行程单
135	飞行模式怎么开
178	T3航站楼是否有顺丰快递
166	认证的护照姓和名写反了怎么改
21	添加护照
2	购买机票后多长时间可以查询到
12	我填写的信息都对的，在保存时候，显示提示我非本人行程，不可值机
139	手机办理值机开通但是点进去全是锁的
84	为什么手机值机只能值3个人？
15	为什么我的手机号码改不了？
14	国际航班随身携带行李可以带洗发水吗
234	如何删除历史飞行记录
73	航班动态中怎样查询呢？
126	行程添加不上
46	常用联系人在什么地方找
69	常用联系人的行程怎么查询
27	我2011兑换了提取码，没记下兑换码，我现在找不到了
37	大韩航空可以在线选座吗
3	为什么关注不了
3	我想咨询
28	请问值机取消不了怎么回事
143	忘记旧账号
13	不好意思，能不能先跟我说一下在哪里选座位？
3	你好，是不是只要我订了机票，你们app里就有信息
17	行程单原件
3	我怎么查不到
3	比如实时飞行动态
56	我的行程记录不全
12	怎么帮别人选座
60	两个行程中的第二个如何预约选座
56	为什么我的18年的行程，很多都没有显示
3	怎么填加人员
94	延误险
23	取消值机
3	是我本人值机，却显示这页面，什么意思？
3	为什么审核中
56	怎么添加国际航班信息
101	为什么春秋航空不能值机
13	从哪里选座
13	如何选坐
3	同时购买的，别人的都已经出来讯息了
17	你好 请问乘机发票怎么打印
41	机票搜索
3	值机
190	如何获取常客卡
14	20000毫安充电宝可以带么
49	我乘坐的俄罗斯航空 为什么不显示
14	从宜昌到贵阳的飞机可以随身携带腊肉，豆豉吗？
6	人工服务
28	取消值机不能取消
186	有些航空公司的票号是8位，怎样手动添加行程
3	我小孩6岁
3	😳😁
59	东方航空托运行李限额
3	人工
40	手机值机后，能在机场换到纸质登机牌吗
3	联系电话
6	我想打航旅纵横客服电话
73	2019年6月2日由巴黎戴高乐机场出发的AF0116航班起飞了吗？
94	如何购买延误险
60	预约选座
58	怎么才能避开机翼
154	不小心删除行程，但是是忘记行程单了
205	我的里程在哪存储呢
3	但是我的同事已经选了
49	国际航空的为啥没有显示
3	值机
11	现在我们其它五人都一般好值机 就其中一名儿童无法办理值机 怎么办
17	如何打印行程单
9	接送机发票
7	我今天手机值机，结果显示，我出现了行程的保护，但是我并没有开启，不知道是为什么不能值机。
226	飞机上有无线网么
11	我要选座位，如何填加我孩子的身份，我填加成功了，孩子没有
24	你好
5	为什么不能帮别人选坐
166	认证的姓名错误
6	电话打不通
3	给的办理登记牌位置不对
17	有没有纸质的报销凭证
3	电子票
47	请问怎么添加亚航行程
23	我要取消值机
24	hi
5	值机没有座位
3	15号航班什么时候可选？
13	如何选座
14	可以带化妆品吗
2	怎么购票？
3	航旅众横上看不到
3	CA1956
3	能到一万毫安的移动电源吗
3	人工
3	四川航空值机
96	怎样帮别人取消值机
12	如何帮其他人选座位
3	我的值机是谁做的
3	玩具枪
159	如何添加其他人证件
3	那充电宝呢
42	外国人能用护照买机票吗
3	出现其他行程的原因
71	可以托运白酒吗？
3	没安检显示已安检
24	你好
3	苹果钱包
71	植物油可以托运吗？
236	经停需要下飞机吗
2	最早提前多久订机票
3	同行人已改签
128	改预约值机
134	你好：我帮别人值机选座、用我的手机号为什么收不到验证码
3	袋装洗发水
53	请问，2011年前的飞行纪录如何调取？
30	之前的机票号如何查找机票已使用证明？
3	手续未能成功办理
118	怎么查别人是否帮我预定机票
3	电子登机牌
33	扯淡，耽误旅客时间
42	旧的护照的机票信息可以导入吗
3	可以买吗
69	怎么用身份证号查航班
216	以乘坐航班为什么显示还是未使用？
41	查询机票
3	预约值机能帮车上弄吗
84	预约值机为何只能添加两位其他乘客
3	就是我自己的
45	如何添加其他乘客的信息呢
13	选座在哪个页面
3	值机后没按时到达机场
30	查询儿童旅程
3	绑定手机号
208	预约同行人坐位可以吗
17	你好，报销凭证可以在机场打印吗
5	为什么孩子值不了机啊
12	可以帮别人选座吗
64	先安检还是先托运
136	链接超时返回重试
3	随身带膏体状物体没问题吧
28	小朋友的值机无法取消是怎么回事
17	打印电子发票在哪里
56	行程不见了
59	南方航空行李限额
167	你好 我的东京飞上海的航班应该是2017年的 结果给我加到了2018年。还有上海飞兰州的已经审核过了 但是没加到行程列表里
49	国际航班查不到吗？
24	你好在吗
50	儿童可以用户口本登机
23	你好，我想取消值机
3	接送机
6	客服人工台如何联系
3	电子账户在哪里能查看余额
86	身份证丢了
56	历史行程无法显示
3	为什么显示不是本人值机
1	退票
175	怎样办理轮椅接送机？
3	工具箱在航旅纵横的哪里
30	别人给自己买的机票可以查询吗
3	有身份证的话还需要带其他证件吗？
3	港澳通行证不能输入
125	婴儿票
16	首都机场临时身份证办理
3	西藏航空手机值机
21	怎么绑定身份证
6	有没有人工服务啊！
57	行李限额
22	办理值机时为什么显示非本人
5	手机值机，选不了座位怎么回事
53	为什么12年的查不到。
86	找不到了
133	取消值机后有什么问题
3	我的票呢
8	我的证件提交输入错误了 但是没找到地方删除
3	为什么我这个一直进不去呀
118	迪拜飞国内能否查询是否购票成功
12	如何添加好友值机
49	BK3142航班信息咋查不到？
9	接机发票
3	选座
17	补打发票怎样
213	怎么管理常用联系人
3	常用联系人
71	笔记本电脑可以托运吗
14	能带iPad 看嘛
17	莫斯科机场哪里可以打印国航的行程单
196	Dz6234在杭州t1还是t3
6	如何人工解答？
23	取消值机
86	找不到 所以问你啊
24	你好
3	享有头等舱服务
65	为什么我的航班自动值机了？
85	怎么把帐号注销掉呢
14	奶粉可以带吗
11	你好，我给我和6岁的孩子同时在飞猪上买了机票，但是刚才值机时孩子不能和我同时值机，显示与已添加的乘客航班不同，请为其单独办理值机。我不懂，这是什么意思呢？
24	你好
3	工具箱在哪里
56	只能添加自己的行程吗？
3	国外航空为什么查不下
3	为啥我没选座
30	航旅纵横里怎么能查询定的机票
13	从哪里选坐位
3	化妆品
3	我的出票信息与航旅纵横上提供的信息不一样
11	为什么选座时孩子不能同时选
3	值机
17	这是我的登机牌，我想要机票发票，不知怎么办理？
3	添加不了
7	明天的机票，为什么还不能确定座位
49	为什么看不到国外的飞行记录
3	我有登机牌吗
3	QQ，没有用，有事情向你咨询一下
41	如何查询历史机票的全价
63	为什么我乘坐的飞机，别人有免费7公斤的行李托运，我没有免费行李额呢
171	取消预约选座
3	2011年行程
5	值机失败，请稍后在试
3	怎么推荐朋友下载
3	票号999-2430564927
74	添加新护照显示姓名冲突，没法添加
3	北京首都机场的值机柜台在哪
19	好滴
86	今天收拾东西，发现邻座的书落我这，请问要怎么归还？
5	还是不能给同行人值机
3	人工
2	我的机票定了吗
3	腊肉呢
201	孕妇乘机
3	Dz6235
3	不知道什么意思
53	为什么我2013、2014年的行程数据没有！
56	历史行程没显示全
28	选座取消失败对不起
2	在航旅纵横可以买机票吗？
179	open票怎么使用
3	飞行大师
26	怎么帮朋友跟我一起预约值机
3	为什么我用不了电子客票？
71	托运牛奶
1	怎么退票？
3	厦航里程如何积分到明珠卡
56	我有几次行程为什么看不到呢
25	您好！我的证件号显示被认证过了，是怎么回事呢？
3	国际呢
84	国际航班想给两个人值机怎么办
17	报销凭证
71	笔记本电脑把电池拆下来之后可以托运吗
3	值机
14	蜂蜜1斤，不托运，随身携带，可以吗?
57	携带行李
23	这种情况怎么取消值机
98	为什么我添加了同行人，在信息里找不到，再次添加又说存在着呢
14	非液体药物可以携带吗？
3	托运行李
24	在吗
14	请问乘坐飞机时可以带化妆品吗？
26	你好，我要值机的时候要连朋友的一起值机怎么办理
3	浦东机场卫星厅九月几号使用
2	团队订票 值机
3	老年人的健康证明需要哪儿出具
3	人工
69	怎么查询朋友的航班
1	我要改期
51	14:15的航班截止办理托运
3	东航
9	约车可以开发票吗
2	怎么定往返票
3	请问昆明到宁波的距离是多少
23	我要从新选座
24	你好
74	忘记就账号了，认证不了怎么办？
42	护照乘坐飞机
2	我最近购买了两趟飞机票，但只显示一趟可选座，后面的那趟如何选座？
3	步骤
56	你好，为什么证件号码一致，但是行程显示不出来
3	航班延误
3	eID
3	那为什么提示该乘客航班与本人不同
102	电子登机牌没有扫描可以用嘛
3	ca959
17	我近期的飞机发票去哪里找？
3	人工
24	你好
23	怎么取消值机
3	人工
14	鼻炎用的喷雾剂可以随身携带吗？
60	由北京到伊斯坦布尔是土耳其航空，能提前值机吗
50	儿童户口本丢失怎么办理登记手续
0	如何删除其他乘客信息
7	明天的飞机怎么不能选座啊
24	你好
3	哈尔滨机场
51	最晚托运时间
2	小孩要买票
56	行程没有更新
3	怎么用Pro版
5	关闭行程保护还是无法值机
28	取消值机操作不了
3	这里没有吗
3	户口簿选身份证可以吗？
28	为什么取消不了值机
3	航班是明天上午8点15
31	行李托运两个人的限额可以一起用吗
49	为什么我的国际航班没有在行程里
3	6.61231E+12
26	如何添加家里人登机
3	提示空号是什么原因？
30	我想查我的机票动态
3	首都机场几个航站楼
30	查看全部机票订单
148	查询电子行程单
91	为什么我没有开启却被行程保护无法值机？？？
3	机冀
60	可以预约登机选位吗
3	我要查JD55航班延误信息
128	更改座位
14	干电池可以随身携带马
1	改签
5	我为什么不能值机？
109	修改不了证件
128	我的航班取消，重新补班，如何选座位
181	厦航办理无成人陪同登机方便吗？
69	能用身份证查询机票？
3	工具箱在哪，没找到
3	与主乘客是同航班同舱位才可以帮助选票对么
30	别人呢帮我订的机票怎么查
13	座位号怎么选
6	人工服务
3	充电宝 使用
3	人工
3	工具箱在哪里
3	华夏航空
3	总说我电话不对
3	升舱
30	怎么查以前的国际航班
17	托运行李后，发票在哪里打印
8	如何删除认证的护照
1	手机值机后 是否可以改签？
3	名字出错
6	你们客服电话多少
13	在哪里选座
89	机票在哪里可以打印出来
6	人工客服
16	临时身份证明
49	国际航班不会在行程中显现出来？
3	能带啥
2	怎么订票呢？
17	机票得发票
182	iphone，为什么把登机牌加入到卡包，会卡死
33	投诉你！
3	必须邮件发送信息吗？
6	人工服务
2	订机票可以吗？
154	已经删除的行程还可以重新添加吗
38	HU7869有没有餐饮
8	删除证件
3	一定要加入QQ群吗
49	国泰航空航空行程看不到
3	在吗?能否回答一下上述问题？
3	app上值机了，在机场的自助机上无法打印等机票
3	充电宝
3	哈尔滨机场吸烟室
3	充电宝
6	打电话给我！18906015066
35	为什么未来行程这里找不到
3	可以把正常机票改为open吗
6	客服人工电话是多少
128	没有换座选项
197	我出镜有食品不能带走，我想存放
3	我在华为应用市场买的pro
24	在吗
115	取消值机还可以重新选座位吗
74	认证不通过
3	人工
3	账号是什么
24	你好
56	为什么没有我的行程？
3	机场地图
55	天津航空公司的客服电话多少
11	儿童值机怎么办
21	怎样才能知道我的护照是认证成功？
79	用手机办理值机后，还可以办理行李托运吗？
3	选座位号
1	您好，请问飞机票可以改签吗
3	如何增加旅豆？
2	怎么查询机票预订信息
17	我需要机票的报销发票
3	选座位
6	人工服务
3	你的QQ人在那
5	手机不能选座怎么回事
3	为什么查不到郑州机场的出港信息？
80	什么不能托运
59	那个人可以带多少东西上飞机
1	我要改签机票
71	定型喷雾可以托运么？
3	航班延误了，中转机票怎么办
1	你好，如何改签
44	没订过的航班出现在航旅上了
12	如何帮别人值机
49	为什么我国际航班没有显示
5	你好，现在怎么不能在线办理值机
22	输入正确的航班信息和个人护照信息后，为什么显示非本人行程
14	乌龟能携带吗
11	携带0-2岁婴儿如何值机
23	航班取消，如何取消原有值机？
24	你好
56	今年3月的飞行记录怎么也没有
28	取消不了值机
3	海外机票
30	囯际航线怎么查？
72	我添加常用人信息时。儿童的出生证明添加不成功。
3	为什么反馈不了问题
56	预定了机票，怎么不显示待出行订单？
158	帮朋友在我手机上值机，我们一起的，一个值机二维码可以同时过我们几个人嘛？
3	黄色字体
3	为什么没有自动获取
14	充电宝可以携带多少毫安的
11	儿童值机
11	为什么孩子的身份证值机值不了？
56	为什么只能添加自己的行程？
17	报销发票在哪开
11	儿童选座
28	无法取消值机
30	可以帮忙查下航班信息那
13	首页手机选座在哪里
5	刚刚选了值机显示失败
11	携带刚出生37的宝宝该如何值机
11	为什么小孩不能在App上值机？
3	小孩为什么不可先位置
43	南航cz8371不可以吗？手机值机
13	怎样才是选座成功
24	你好！
71	矿泉水可以托运吗
26	如何多人选座
3	？
5	我填好了内容啊，可是不让我选了座位呀。
8	删除证件
7	开放选座预约选座没有自动办理
14	固体的火锅底料可以带么
13	不懂从哪里办理值机
49	国际航班能查到吗
3	座位数字从小到大的飞机从前到后对吧
14	锂电池规定
14	飞机可以带化妆品吗
3	换飞机
7	我想了解10号出发成都几号能选座
1	你好，请问我可以在这里改签？
3	从北京去吉隆坡
92	证件格式错误
3	如何取消行程证明
3	工具箱在哪里
183	为什么我的航旅纵横手机选座只能提早2天，而我朋友的航旅纵横可以提早好多天选座？而且猜一猜点不进去，只出现上一行程结算情况？
33	您好，我发了几个反馈问题，为啥一直没回复？
3	可以查询我是否有过预订
40	在手机上值机了，到机场就不用取票了吗？
87	我选完的座位被占用了
60	我怎么可以提前选座？
135	如何打开飞行模式
69	可以查询他人的航班号吗
1	我想要改机票
3	转机
13	如何值机国际航空
3	机票上面没有登机口
14	化妆品可以携带多少毫升
3	想确认一下
56	行程丢失
3	电动牙刷
26	请问我值机要值多人的，怎么弄
1	航班显示已退票
38	午餐
16	大理机场+临时身份证办理
2	为什么我购买不了票
3	航空公司没有权限的 我问了
195	怎么取消认证
3	亲，预约值机后是否成功也是飞行前48小时可以确认是嘛，那没有成功就立刻可以重新值机吧？
136	支付参数异常
3	证件归属可以是2个人吗？
3	麻烦取消
186	国外的电子客票号不是数字怎么办
3	人工
14	可以带零食吗
3	为什么同样的航班舱位图不一样？
5	我怎么不能选座
13	CZ了3377不能值机吗？
3	怎么加延误治险
26	我想给同行人在线值机
179	open票怎么使用
40	手机值机后，还有取登机牌吗
69	查看小朋友的机票信息
3	请问咋整
6	有没人工服务
32	麻烦查6月20号青岛飞昆明，纪宇轩的座号，谢谢
3	还在
3	😁
71	宠物托运
46	查找常用联系人
108	如何取消乘机凭证
13	手机选座在哪
71	水果可以托运吗？
57	行李两张机票重量可以叠加吗
3	人工
23	航班延误 如何取消值机
3	长春春没有3号
3	携带的儿童非亲属可以么
85	注销账户受理
2	怎样购票
118	在哪查询机票订好没有
3	无法查询票号
59	中国国际航空公司国际航班行李限额多少公斤啊
56	为什么我为其他人购买的机票看不到航班信息？
53	最多可以有多少年的航行记录啊？
148	如何获得电子行程单
49	国际间的航班不能显示？
45	如何添加同行人
6	航旅客服电话
3	候补机票
32	如果查询同行儿童座位？
84	在线选座同行只能选三个人的?
3	安检
6	人工客服
3	国际航班
3	我的姓、名颠倒了，怎么办？
3	我帮客户订的机票 客户那边没收到
65	想取消预留座位如何操作
3	手机选座
8	证件无法删除
3	没看到
14	充电宝能带么
17	电子发票
21	小孩子怎么认证
13	怎么选取座位
124	你好，在为别人手机值机时提示未找到两天内可办理行程是什么原因
3	100wh是10000mah吗
108	如何取消个人乘机凭证的邮件接受功能？
3	怎么升级
3	自助值机
28	值机取消失败
6	航旅纵横客服电话多少
14	20000ma的充电宝可以带上飞机吗
181	几岁可以自己坐飞机
50	婴儿坐飞机带什么证件
2	购票凭证
3	飞机类型
33	你们怎么回事
74	我的为啥认证不了呢
23	取消值机
79	电子值机后可否去柜台办理行李托运
6	人工客服
23	我要取消值机
3	那么，我的为什么才能选3个？
101	请问我今天定的春秋航空9C8856怎么不可以手机值机
18	延误证明
94	保险单在机场的何处去取
11	儿童票不能提前手机值机是吧？
11	可以大人先手机值机，儿童再去机场柜台办理值机吗
26	怎么帮随行的家人办理值机呢
171	预约座位后还可以取消选座吗？
92	为什么添加身份证号上面显示证件格式不对
2	怎么在app上买票
1	你好，我想改签，机票还是我之前的价格嘛
3	我怎么样才能连我女儿的信息
102	航旅纵横的电子登机牌去哪了？
56	我也没有购票凭证呀，能告诉我不显示行程的原因吗？？？？
3	值机是出发前
12	我给别人选座了
55	中国联航电话
3	这是什么意思
56	为什么更新后，所有历史飞行记录以及即将开始的行程都沒有了？
14	请问能带沐浴露吗
123	下载pro
24	你好
3	15808007460
40	网上值机成功还需要再办理值机吗
166	只需要修改认证的身份证名字
109	换了护照，号码变了，如何更新？
71	酒可以托运吗
41	哪里可以看机票
24	这个软件能做什么
17	您好，请把和我一起出差的同事牟德生的登机牌发给我一下，报销需要提供，谢谢
23	取消值机
23	订错票但是二维码过安检了怎么取消座位
102	为什么我的电子机票  查不到
1	你好，我手机想把今天的机票取消，怎么取消不了了呢
24	你好
113	托运行李破损
96	帮他人取消值机
6	客服电话号码多少
6	在线客服
13	怎么选座
3	婴儿
14	笔记本电脑可以随身携带吗
3	为什么显示不了intinary number
51	HU7716什么时间开始值机
14	请问参团境外游可以网上选座吗？怎么选？另外自热饭可以带上飞机吗？
56	为什么没有显示回程飞机行程
30	怎么查我的机票
3	水
37	请问是每个航空公司都可以值机吗。
214	为什么我预选的座位会调整
3	你好航班取消证明在应用里怎么打印？
3	你好，我自己注册了航旅纵横，别人有我的身份证照片，也能用我的证件她的手机号码注册吗，能随时看到我的行程吗
57	可以带大书包吗
26	如何为同行的朋友值机
3	请问确定座位看到的自己是橘色的座位合适吗？
84	那我为什么只能选择3个
12	在哪里添加替别人选座
3	9993680390560  客票号
13	怎么自选位置
5	我跟同行人同航班，同仓位等级，为什么不能给他手机值机？
24	有活人吗
58	什么座位靠窗
7	什么时候能选座
82	如何打印以前的登机牌
53	请问怎么提取2011年的行程
32	帮我查下我这班一个叫李梦涵小姑娘的座位在哪里
34	你好，可以帮我看下机票有没有买成功吗？
102	在哪里打开电子登机牌
82	你好，我之前在携程买的机票，补打登机牌，在哪里可以操作
3	查同机旅客
3	还好有非常准
23	取消值机
3	我是 t几
1	有没有祥鹏办理退票电话
14	可以带白酒？
6	没有人工客服吗？
69	查看别人的飞行记录
14	带电池的风扇可以带上飞机吗
49	为什么国外的航空没有记录
197	首都机场哪里可以寄存东西
24	你好
3	中国国航，可以选不
122	电子客票号在哪？？
3	常客卡
219	如何推荐朋友下载航旅纵横
188	血栓患者能坐飞机吗
191	机场大巴
23	zh8562请帮我取消值机
3	工具箱在哪
205	国外的里程存储
11	儿童怎么选座
2	提交购票凭证失败
195	取消认证
80	飞机托运哪些东西不能带
23	如何取消订座编号
3	纵横首页工具？在哪？
69	怎么查询别人的信息
3	乘机证件
32	我选了座位为什么东航那边查不到
97	怎么预定清真餐
3	请问舱位等级I是什么意思？
92	认证格式错误
3	旅豆是什么
12	我帮别人办理值机完
12	怎么为其他人选座
179	open票是什么意思
3	无法取消
242	為什麼我不能添加常客卡
68	我想问一下，我到太平机场T2航站楼，还要转机飞到西安，我带的行李多，可以用你们的时候行李车吗？
3	怎样在航旅纵横查自己和同行人的身份证号
5	无法值机
6	人工客服
21	儿童如何认证
43	cz8371明天起飞，我没找到可以选座
192	忘记会员卡密码怎么办
103	修改密码
2	如何查询本人能不能买飞机票
33	曹尼玛
64	值机还能托运吗？
96	我帮同事值机，现在他想取消
69	提供身份证号码可以查询航班吗？
3	？？？
13	在哪个选项上定座位？
3	为什么开不了票
14	水果刀可以带吗
6	请问客服电话是多少？
3	联系方式
90	机场雷达在哪里看
24	你好
3	电子登机牌 凭证
14	化妆品可以带上飞机吗
3	？
32	座位信息从哪里找来的
31	28寸行李箱可以托运吗？
114	你好，我预约值机为什么被取消了
3	有问题咨询加哪个咨询
3	常客卡类型
74	认证不了怎么办
3	9871491474
139	手机值机  座位上有锁。
73	能查到我的行程么
3	小动物的包装
166	是证件认证里的名字拼写错误
276	怎么修改会员卡密码
31	请问，航空托运上限是多少
85	注销账号
6	你们的客服电话是多少
71	一次性刮胡刀可以不用托运吗
3	客票号9992102226084
86	物品遗失
3	我五号航班取消了，请把登机牌发给我
41	国际机票在哪里可以查到
11	怎么给同乘的儿童选座
33	你这就没意思了小横
24	在么
69	查询常用联系人航班信息
94	保险公司延误险
4	70岁以上老人乘机可以吗？
11	如何与儿童一起办理值机？
3	套餐价啥意思
2	怎么买票
73	能帮我查到我是什么航空公司吗
3	工具箱选项在哪里？
3	托运花钱
30	我购买了两张机票，怎么只显示一张
120	值机的人收不到任何信息
6	人工服务
3	17A在哪个位置
7	提前多久可以选座
23	帮我取消一下值机
13	如何在手机上选座
13	麻烦问一下，我想知道如何预选第二个行程座位
3	100wh是多少
125	婴儿需要领取飞机票吗
13	别忘了下午办理手机值机
56	为什么没有行程
25	手机号显示已被注册
5	值机为什么没有台湾通行证这一选项
37	首都航空可以在线选座吗？
2	如何帮朋友买票
3	南京机场到宿迁
56	如何添加行程
3	回程单
3	如何联系客票代理
3	这已经是最新版了！！！
3	不能随身携带
3	预定好的东西说给换就给换，
3	如何設置偏好走道位
3	怎么老是英文名格式不对
41	查询机票价格。
16	有效证件没有带怎么办
17	在去哪网购买的机票，可以在机场打印行程单吗
143	忘记帐号了
3	已添加过该证件
3	买的机票跟出的机票不符
3	添加成功后还是不显示
16	天河机场+临时身份证
141	你好，常客卡有什么作用
69	你好，我想问一下怎么能查别人的行程
3	飞机上有无网络
3	在线值机人数
51	你好，什么时间可以值机
150	护照英文姓名不符合
12	帮别人值机
3	帮忙看一下KY8277
3	人工
64	先值机还是先办理托运
23	取消值机
17	你好，想打印行程单是怎么办理？
56	可以添加多个人查看行程吗
63	如何网上购买托运
143	账号已经被认证 但是原来的账号忘记了怎么找回
6	海南航空人工客服电话
6	咨询电话
60	我需要重新预定座位
3	我已下载《航旅纵横》APP
83	机场热线多少
161	已经选好座的同行人，如何为其办理电子登机牌
57	限额的重量是所有行李的总和吗？
143	但是我忘记了以前的账号和密码
194	航班取消要改签。可是已经值机了改不了
51	所有航班值机时间
57	随身行李箱限额多少
3	zipper
21	我要认证
208	我不在这个航班上可以给别人预约值机吗
22	为什么提示我非本人行程
57	国内航空行李限额
98	我在手机上帮同行人值机选座，这次为啥添加不了呢？，
38	HU7438有餐吗？
111	我的和我朋友带小孩的都已经选起了，就我家小孩的选不了，是什么原因
31	行李托运限额多少斤
47	春秋的为什么没有显示
3	添加儿童
11	儿童值机
14	你好，我的化妆品小样一共有6样，请问可以带上飞机吗？
3	南航
71	食品必须进行托运蛮
3	硕放机场直飞新加坡
14	移动电源充电宝携带标准
3	提示截图
6	客服电话
4	74岁的老人坐飞机有什么规定
28	您好，航班因为天气原因被取消了以后，值机无法取消
96	如何为他人取消值机？
3	飞行模式没有信号
14	请问41寸的吉他可不可以带上飞机
22	你好，请问我手机值机时为什么要我输入本人信息?信息输入完后又说我是非本人行程?
31	办理托运需要加费用吗
24	你好
28	无法取消选座
14	请问粉底液可以带上飞机吗？
3	航旅号忘记了
3	主要是已预约了一张
44	我没买机票但是显示我有一班航班是为什么
63	没有免费行李额是什么意思
11	东航国际航班儿童值机
102	已经办理电子登机牌
155	我上次去黄山买的头等舱你们给我降仓位了？你们说退钱为什么到现在都还没有收到款呢？
16	身份证丢了，乘飞机怎么办
60	已预约座位8F
128	儿童怎么改座位
3	查了
3	选座
98	不能添加同行人值机
3	您好！请问吉祥航空HO1032  7A座与8A座，那一个座比较好
2	可以买票吗
120	为何6号机票已出，没短信通知呢
84	我们 同行 一起 三 个人 ， 一个人 为什么 选 不 了 位置 呢
3	已预约值机的客票，乘机人的身份证号码有错误，怎么修改?
3	机票价格
28	无法取消值机
28	无法取消他人值机
126	外航的行程不能添加吗？
3	托运
41	如何看票价
13	请问如何选择国际航班的座位？
14	飞机可以带几个充电宝
49	为什么我没有全日空的行程
180	飞行轨迹怎么找不到了
16	飞机场是否可以办理临时身份证
3	航空口令如何获得
51	一般提前多久值机
23	怎么取消值机页面不显示
3	兰州到乌鲁木齐要出站吗
23	怎么取消值机
17	如何取得纸质行程单，用于报销
23	我能取消选座吗
69	想了解家人行程
3	我的行程
66	怎样兑换里程
3	里程
3	本人证件，本人持证照片不能上传提交现在怎么办？
7	为什么现实已开放值机 但确提取不到我的行程
14	飞机上可以带水果吗
3	开户行：招行杭州湖墅支行账号：4100 6257 1288 7749户名：徐宏峰
3	托运行李
19	好的
145	QQ群号码不对
3	托运
24	你好
13	哪里在线选座
14	气垫粉底可以带上飞机么
14	鸡胸肉能带上飞机吗
2	如何购票
28	无法取消值机
75	我可以预定一份儿童餐么
174	如何提取相片
56	没有任何凭证怎么添加行程
42	乘坐飞机需要什么证件
3	G42132887  刘树   证件已过期
3	春秋
60	怎么提前选座
1	机票可不可以退
53	以前的航班没有记录
37	请问上海航空公司的航班可以在航旅纵横上选座吗？
17	我的乘机发票什么时候能收到？
13	怎么选座
148	电子行程单能发到邮箱嘛？
25	身份信息已被使用
3	那种证件？身份证还是机场通行证？
3	常客卡类别
23	需要帮我取消值机
7	你好，我购买的7月11日九元航空的机票，可以提前手机值机么，如果可以，提前多久可以。
3	临时登机
28	我是在航旅纵横值机的，为何在取消值机时说我是在其他渠道值机的？
3	怎么办
3	20000毫安
3	？
16	兰州中川国际机场+临时身份证办理
102	哪里能看到电子登机牌
5	为什么我办理不了值机
3	我想问一下行李托运
28	值机无法取消，错误51841
3	工具箱在哪个t页面
153	vip休息室
3	票号
3	CZ 3250到达广州是广州南 还是北
6	人工客服
23	取消值机
14	飞机场可以带中药没
3	302422066
14	可以带乐器上飞机吗
24	你好
3	常用联系人
10	军魂卡可以升舱吗？
128	值机后无法修改
38	我想问一下我乘坐的CZ390航班的飞机餐是午餐还是晚餐
5	办不了值机
44	我有一个今天晚上厦门飞北京的航班，可是我并没有订过这个机票。
3	如何处理
6	人工客服
3	工具箱在哪里
3	不可托运的物品？
3	人工
40	请问，山东航空我在航旅纵横手机值机后还需要到机场办理值机吗？可以直接登机吗？
11	儿童不能选座吗
5	请问长安航空为什么不能值机
10	你好 我有一万多行程，请问可以升仓吗？
14	可以带零食登记吗？
45	我想办值机选位置时，怎么能在加一人
3	？？？
7	你好，我明天飞往珠海的航班什么时候开放占座？
56	我的机票信息都没显示，怎么操作啊？
84	我可以为几个同行人值机
17	如何打电子发票
3	100wh是多少毫安
24	你好
3	但是修改不了
22	老是跳出非本人行程，不能值机
5	不能选座
94	保险在哪
17	行程单为什么没有座位号
94	飞机延误赔偿
6	人工客服
71	保湿喷雾可以托运
3	空中常客
198	厦门T3航站楼怎么坐摆渡车到18检票口
92	认证提示认证格式错误怎么回事
40	网上值机选座后，如果到达机场时已经停止办理值机，可以正常领取登机牌和托运行李吗
74	我为什么不能身份认证
26	同行人选座
28	你好我的行程无法取消值机
64	在网上购票    到机场拿身份证在自助机直接打印登机牌吗？然后过安检？
3	人工
3	托运行李
24	有人吗
84	最多几人同行值机
72	常用联系人添加
16	没带身份证怎么办
115	取消置机后可以重新置机不？
134	验证码超次
33	你们的app真的好多问题
3	长沙黄花国际机场有3号登机口吗
3	人工
71	护肤品超过160ml可以托运吗
2	机票无法预订？
114	预约选座会被更改座位吗
13	选座位页面找不到，工具箱页面在哪里
13	2019年6月16日的航班如何选座？
56	身份验证没有行程
11	去香港儿童可以选座妈
3	我来的㽘班正常值机了
16	临时身份证
51	飞机起飞前多久不接受安检
17	发票
22	为什么一直显示非本人行程，不可值机呢
3	充电宝哦
58	机翼是哪一排
189	航班上东西忘了还能找回来吗
26	怎么帮朋友值机
55	山东航空联系电话
38	MU551有午饭吗
102	怎么看不到电子登机牌
3	哈尔滨机场国航值机柜台位置
3	只支持国内航班嘛？
5	我的同行人不能值机，为什么
17	行程单怎么打印？
44	为什么我没有买机票，却提示我今晚有航班
57	出入境行李要求
11	请问儿童可以手机值机吗
55	怎么能联系到乘坐的航空公司？
3	我两个人为什么添加不了对方？
166	名字错了 怎么办
3	在你们的后台怎么查找
3	添加
80	国际航班酒水携带要求
17	发票
3	人工
13	国际航班手机值机
3	携带婴儿
6	人工服务
14	液体不超过多少毫升
14	托运对化妆品有没有什么要求
6	人工客服
8	身份证认证了怎么删除？
3	、这两个号码都没有啊
102	您好，我的电子登机牌怎么看
14	药品可以登机吗
106	我昨天定的接送机，司机没有来，首汽那边已经取消订单了，但是平台已收取我的费用277元，请客服跟我联系退费
3	我这个很急的
56	航班信息没有显示
3	电子票号
3	休息室怎么订购
203	买票时名字写错一个字怎么办
3	哈尔滨机场几个航站楼
81	为什么航旅纵横中有航班信息但是航线图不显示
14	请问飞机可以带水果吗
14	小米充电宝可以带上飞机吗
14	50毫升的铁皮补水喷雾可以带上飞机吗
3	错误3121
64	登机流程
7	明天的飞机，为什么现在还选不了座位
58	安全出口怎么看
99	身份证过期
58	请问靠窗的位置
3	已办理值机 未显示
69	无法显示我以前的里程
14	国内航班，虾能不能带上飞机
74	您好，我的身份认证一直做不了
128	值机换座位
123	如何成为pro版用户
3	233633496
3	7.82E+12
208	我可以用这个平台给朋友预约座位吗
3	工具箱
3	已提交，没有回答！
37	中国航空CA1239可以手机选座不
3	托运
3	如何修改出生年月日
23	取消我的值机
16	身份证丢失咋登机
3	哈？
168	时间赶不上托运怎么办
267	如何知道行程支不支持电子登机牌
50	只带护口本行吗ll周岁
55	如何联系航空公司
3	铅笔刀也不可以吗？
28	我的儿童已经取消值机了，为什么我的还是不能取消
3	有人工么
50	十六周岁以下的儿童可以用户口本登记
69	可以帮别人查看飞机票吗
49	国际航班没有自动显示
145	Qq号不存在
26	我可以在此软件上给其它同行人员选座吗？
3	航旅纵横第一次使用，怎么进行账户充值呢？
3	田雞
58	安全通道
3	儿童的航旅怎么查
45	实时选座如何添加同行人
21	我要注册，怎么操作
6	人工客服
3	人工回复！
3	值机完成显示未使用
56	这么没显示行程日期
23	取消值机
3	CA1696
2	买票
64	我怕我赶不上飞机了怎么办
56	为什么不显示我的订票信息
5	值机输入正确的信息还是没办法查询
3	我8号的飞机，咋没显示
30	查询航班失败
3	人工
30	怎么查到我定的国际机票
34	我朋友给我买的机票，但是我这里差不了
3	超规行李托运
5	为什么不能手机选座
3	化妆品
14	化妆品携带
63	托运超重
90	机场雷达怎么开通，开通需要付费么
106	飞机突然降到浦东，我要取消约车订单
3	民航出行小常识
38	FM9451昆明长水14点飞上海，机上有配餐吗？
51	可以提前办理机票和登机牌那些吗
56	我最近的行程怎么查不到呢？
1	特价机票，如果航班因天气影响而导致延误取消，怎么办
32	怎么查看之前选的位置？
19	好的  谢谢
22	我的飞慕尼黑为何值不了机，说不是本人手机号？
97	你好！我是吃素的，请麻烦给我订一份素食！
3	登机事项
160	办理了电子登机牌还能打印普通登机牌吗
72	找不到地方添加常用联系人
14	吉他可以拿上飞机吗
14	2万毫安的充电宝能带上飞机吗？
166	我认证身份证和孩子的姓名串了，需要马上修改，怎样处理。急！
11	两岁半儿童值机
14	飞机能带水果么
14	携带宠物
6	請回电！
3	人工
183	为什么我预测成功，旅豆被扣
118	我近期有没有订够机票
3	号码
131	飞机晚点包赔
11	儿童座位怎么值机
128	值机这里没退我改不了
3	哪些旅客不能在航旅纵横办理？
3	信息提示
13	怎么在手机上办理值机？
33	等于没说
3	我也想问一下保存下来的登机牌是否用
3	显示常旅卡级别不对
3	怎么系统越更新越觉得不方便看了
3	成都国际机场的值机柜台在哪里
3	常客卡类别
3	麻烦尽快帮我解决我说到的上述问题
18	航班晚点凭证
3	怎么申请
126	全日空航程无法添加
23	请帮我取消值机
3	记录
3	亚航
3	这就是提示
3	东方航空机票
6	人工客服电话
271	身份证有字母
19	谢谢
24	客服您好
24	Hi
2	我想订上海至乌鲁木齐机票，点开后找不到订票窗口？
3	飞行模式
207	旅游团队票可以选座吗？谢谢
71	你好，小横，托运瓶装洗发水500ml，可以吗？
13	怎样选座位
56	境外的航空公司航班之间飞行可以添加历史行程吗
56	我一同购买了儿童票怎么没有显示
56	我的行程添加成功了，为什么没有显示
69	输入身份证查航班可吗
87	什么情况能把之前选好的座位换成其他座位
3	你知道是什么原因吗？
49	为什么不显示国际航班的行程？
3	新加坡航空
23	进去座位页面根本没有取消值机的按键
115	如果取消值机，能不能重新值机？
6	请问人工客服电话
3	和浏览器没关系
30	我要如何查询我男朋友的航班
6	客服电话
33	会话失效
11	幼儿如何办理值机？
13	怎么选位置
3	可以离线使用吗
3	易畅转
45	该乘客的航班与已添加乘客不同
99	身份证过期能过安检吗
56	你好我16号晚上出行北京，现在没有显示待出行信息
5	为什么不能自己选座位
14	洗脸仪可以带上飞机吗
143	原始密码
71	坐国际航班，扫地机器人可以托运吗？
109	我需要修改身份验证，怎么办
31	公务舱托运2件行李不超过30公斤即可，对吗？
5	已出机票，为什么办理不了值机
14	你好  乌航  充电宝能带多少毫安的
139	为啥有的座位锁着
3	儿童不能作为同行人么
114	预约值机什么时候能成功
17	行程单怎么打印
83	郑州机场地服电话
32	座位信息在哪
14	请问充电宝登机规定
7	在线值机时间
2	请问订票号码多少
128	手机选座后怎样修改？
7	我选了座位了，没看到什么时候值机
14	酵素粉末带上飞机
102	电子登机牌在哪里
32	我怎么看直机信息
24	在吗
3	明天的选票开通没有！
32	已值机航班如何查询
11	我订的是东航的，显示可以添加同行人值机，可实际添加时却告知无法添加同行人，目前孩子无法手机值机😥
6	如果找人工服务啊
128	座位更改
6	客服电话可以给我一个吗
7	怎么才知道开始选择座位了？
24	你好
5	当前课票暂不支持手机值机
15	身份证绑定了之前的手机号，现在换手机号了，怎么修改？
94	航空公司取消航班是否应该赔偿
3	点了也取消不了
3	值机通知
139	选座橘色黄色
86	身份证丢了怎么办
5	不能值机，怎么回事
2	如果给儿童🧒买票
58	安全出口座位
26	可以帮助同行的人办理值机吗
14	能带充电宝吗
3	不是这个，是登录号
14	可以带八哥吗
3	怎么查
13	您好！怎么选川航3U8878航班6月23日的座位号？
21	你好，问一下，我之前注册的账号没用了，忘记了，怎么办
91	怎么关闭行程保护
6	人工客服
3	为什么变成了12A
3	升舱
33	去你妈
101	春秋航空公司可以在线值机吗
26	如何为同行伙伴选位
33	你个垃圾
139	选座位时，座位上带锁的是什么意思？
7	什么时候可以手机选座位？
5	我为什么不能选座位
196	 到南京禄口机场是T2还是T1
6	人工客服
3	民航出行
3	人工
16	机场可以办理临时身份证吗
3	登机牌错误
11	儿童选座
59	三亚机场，飞机票没有免费托运行李项，那20公斤行李多少钱到青岛
30	别人帮我订的票，我想查看一下是否订票成功，在哪里查看
57	国际航班46kg行李额
24	你好
3	儿童机票
5	我选座不成功
14	zipo打火机可以带吗
3	账号不能实名
21	如何上传身份证认证
17	机票能开发票吗
51	值机时间
3	怎么维权
11	儿童怎么选座位？
1	你好！请问6月8号8点半CA1909去西宁曹家堡的航班时间改了2次为什么？还会再改吗？
33	等于没说
52	手机可以开飞行模式么
33	没定机票咨询各屁呀？
3	怎么办理
84	能添加几个同行人？
24	你好
164	你是谁
3	我每次值机的乘机人都不一样，手机号也不一样
56	下面的机票为啥没显示
31	无免费托运行李的航班，托运行李是怎么收费的
3	工具箱在哪
14	有汁的菜可以带嘛
14	洗发剂可以带么
48	我的认证还未通过
11	怎么帮同行孩子值机
85	注销账户
23	取消值机
7	网上值机选座几点可以
56	你好别人帮我预订的票我怎么显示在航旅纵横上呢
3	海南航空
3	每次都可以为什么这次不可以
107	pro版区别
11	儿童怎么办理值机
56	首页不显示行程
42	乘机证件都有哪些
139	为什么选座位有些座位被锁
3	查登机口
3	你好，我发现自己有两个户，想删掉现在这个，怎么操作？
5	我本人没有办理值机，但显示座位好听，取消值机后就不能直接办理了，怎么解决？
21	如何添加港澳通行证
5	为什么我不能办理值机？
179	什么叫open票啊
17	行李托运电子发票
23	我要取消我的订座
5	非本人不能值机
5	我选不了座位
3	您好这个是什么意思，我都填写齐全了也没有错误
86	你好，我的行李丢在了三亚凤凰机场行李打包处，我想找回来。
2	这个不可以直接订票吗？只能查询航班票数？
131	请问航班是延误四小时以上可以申请赔偿吗？
3	我没有定过这张机票啊
82	我需要7月13日，从兰州到成都的电子登机牌。
3	1
23	你好！怎么取消值机
28	7月6日贵阳至毕节华夏航空10：45航班，网上已值机，现需取消值机，取消不了怎么办？
3	如何取消头像
23	取消我的值机
3	怎么查我证件已经添加其他账号了呢？
3	删除卡证
23	如何取消值机
3	认证有误
1	能不能改签今天
3	没反应
3	是手机值机
82	补打登机牌
6	麻烦给我电话，我需要了解询问改变我座位号的原因
44	我本人没有订今天从沈阳飞西安的机票，为什么在行程列表中有这个行程呢？客票号是8262501963205。能帮我查一下吗
6	我需要客服电话
32	为什么查不到手机选座
56	没有导入的形成
3	人了
84	国航航班值机，同行三人
2	我已经认证过了，怎么买票
56	你好，请问我在去哪儿网上订了机票，但是航旅纵横订单里面看不到呢
3	预订座位
3	由于航空公司说是在航旅纵横购的票，所以要在您公司申请
3	同一个航班
6	方便，有电话联系一下吗？
17	行程单怎么打
149	值机和办理登机牌是一个意思吗
37	哪些航空公司的航班可以在此APP上值机?
3	为啥显示非本人
11	你好 我在办理值机过程中 提示同行的一名儿童与我们不同航班 我们六个人订的都是同一航班
3	混沌大学周边
2	儿童怎么购买机票
3	如果更换
140	机票验真
3	AQ1052
5	为什么不能办理值机？
3	为什么始终验证不能通过
59	你好！七月二号，南苑机场KN2201次航班 行李限额是多少
2	航旅纵横能不能购买机票
23	已经网上值机还可以取消吗
31	可以免费托运吗
55	怎样联系航空公司
3	紧急
59	海南航空柏林飞北京可以托运多重的行李
3	旅豆兑换奖品地址修改
23	值机取消
3	人工电话
28	为什么不能取消值机
13	怎么选座
23	取消选座
122	查电子客票信息
13	怎么选座
3	没有
56	为什么我的行程没有显示
129	怎么选第一排座位
3	一直发提醒我十号的飞机开始值机了
11	我已经预约选座但是儿童不能预约怎么办
3	100ml算吗？
3	常用联系删除
3	怎样找回我原来的航旅纵横号?
50	儿童乘机证件有哪些
91	“您无权查看该信息，乘机人已开启行程保护”
59	GS7890航班行李限额
3	人工
3	哪里有下载
14	花露水和香水可以带吗
29	可是朋友都往返预约值机好了啊，为啥我的返程不行？
22	选座时说我不是本人
3	CA1307为什么显示快要起飞了？短信通知我是延误到了凌晨5点
198	中转如何手机值机
3	请问在哪里显示飞行超过多少人
3	国外航空公司能导入吗
84	一共三个人，只预约了两个座位就提醒不能重复预约
96	如何帮别人取消值机
127	吃的菜可否带上飞机
32	你好怎么看值机成功
5	不能值机
3	我在重庆机场
85	注销后重新再申请应该不会有以前的账号信息了吧
213	如何更改常用联系人信息
174	飞行模式拍的照片
66	怎么进行里程兑换
74	现在新电话无法认证
3	Open 票
3	乌鲁木齐开通网上值机权限的航空公司
3	电话
24	你好
97	我我是少数民族，能不能给我安排清真餐
102	已经在官网办了值机，能在航旅纵横上下载二维码登机牌吗？
71	狗狗可以托运吗
164	在哪里
63	航旅纵横怎么购买行李额
3	电子客票号
3	航旅纵横pro
84	为什么我选了三个座位，客票信息就只有我一个人的呢
24	在吗
24	你好
6	是人工客服吗
56	怎么添加行程
5	为啥有时不能值机？
6	人工客服
219	怎样把软件分享给朋友
159	怎么添加好友身份证
56	我的行程怎么没有体现
70	请问乘机凭证为啥邮件不发了呀？
87	网上订的座位A6、现在变A13啦、怎么回事？
3	接送机功能
56	为什么没有已买机票的信息
83	武汉天河机场客服电话多少
65	自动值机选座
17	你好，现在行程单是邮寄纸质的还是电子版的？
56	你好。为什么我新买的航班信息在行程里面不显示。过了好几天了。公司给买的票，我这没有购票码，不能手动添加。请问有别的办法吗？
14	可以带多少支香烟？
49	为什么看不到香港行程
5	为何无法值机
44	为什么我的航旅纵横有别人的航班提示？
33	你看吗？
3	平果手机是不是不支持二维码过安检了啊？
3	没有失败 是不会选
3	哈尔滨机场国航的值机柜台在哪
5	怎么我网上值机不行
14	请问女士化妆品洗面奶可以带按压泡沫式的了吗
5	无法值机
5	为什么有的不支持手机值机呢
28	为什么我在航旅纵横值机选座选了两个人，然后取消值机有一个取消不了？说是没在这个渠道值机，可是下午明明一起在航旅纵横选的座
2	怎么选票？什么时候可以选票
3	8.52E+12
3	常用联系人
23	取消值机
3	春秋航空机票如何绑定
17	补打行程单
3	哈尔滨机场国行值机柜台在哪
28	值机不能取消，另外选座吗
74	行程列表需认证才能看，我由于上述原因不能查看行程
13	手机选座位
56	不显示行程
127	小孩的滑板车能带上飞机吗？
3	南方航空每个礼拜有多少趟去台北桃源的航班
5	为何我不能值机？
24	你好
44	我没有订机票，为什么航旅纵横显示我定了机票而且还已经值机
164	官网在哪里
197	可以提前寄存行李吗
69	请问！别人有我身份证号能查到我的整个飞行记录吗？
3	2月份的国际航班怎么不现实
14	止汗露可随身带吧
24	你好
239	如何绑定东航会员卡
3	化妆口 可以带多少？
213	常用联系人管理
89	如何打印机票
3	怎么知道退掉直机成功
6	人工电话是多少
3	没看见
56	手动添加行程
57	随身携带行李规定
3	国际班机怎么显示
131	飞机晚点了
17	怎么邮寄行程单
3	护照
85	怎样注销账号
96	如何取消帮别人选的座位
3	如何输入护照号
17	开具发票
95	拥挤度
3	中转
3	人工
7	你好，什么时间开始选座？
24	你好
44	昨晚发现有我的航班信息，大连到北京南苑机场。从起飞时间、延误、及到达信息，全有。而我本人并没有乘坐飞机，是怎么回事？
3	我给忘记了
3	怎么可以更为13621806347
71	托运可以带多少液体
2	这个软件能买票吗
7	您好，请问显示可以值机，但是点进去页面选择完座位之后显示选座未开放是为什么？
6	人工客服
5	为什么不能替同行人选位置
3	登机口变更信息推送迟缓
56	请问可以添加没被提取的历史行程吗
7	我想办理值机，为什么还没开放
53	2011年前的行程没有？
6	请问人工客服电话
30	飞机航班号怎么查
5	无法远商务舱座位
69	 可以用身份证查订单吗？
3	eid
125	婴儿可以坐飞机？
118	我们在航空公司订的票为什么在航旅纵横上没收到任何信息呢
13	是不是还没开始选座
3	行程检验单
5	为什么，手机值机不了
3	入境规定
6	有客服电话吗
3	理赔
3	充电宝
3	开放选座时还能预约值机了吗
53	为什么我一年前的行程没显示？
57	请问我的行李限额是多少
1	怎么改签
115	选定的座位取消之后还能再选择吗
17	在哪里打印发票
3	雷达
74	身份证认证不了，国内航班没显示，没提醒
3	18005505958
168	值机了怎么托运
3	为什么添加还是不显示
3	我手持身份证拍照，一直显示照片格式错误是什么情况
71	充电宝能不能托运?
3	人工
3	222
57	你好，儿童行李箱有限制多大吗
152	我已经支付宝快速认证，为什么看不到行程？
6	人工客服电话
3	为什么会说非本人行程？明明是本人
13	怎么选位置
89	怎么取票
71	充电的小电风扇和剃须刀可以托运吗
30	查询乘坐的航班
1	改签后会更新吗
13	手机从哪里选座？
152	为什么绑定了护照显示不出行程
11	儿童值机
51	直接托运还是需要提前预约？
32	还有就是在app上飞机选好座位了就是成功了吧
3	行程亚航
23	我的手机值机 已经取消了嘛
24	你好
3	Open票
3	经停
84	我要选座位，能选两个人的吗
50	不到十一岁的儿童，需要带什么证件？
16	身份证丢失可以乘机吗
131	TT663今天航班取消了吗？
13	如何选座
3	CA976
28	我想取消预约座位，完成不了呢
3	有没有人工
3	为什么
71	蚊香液可以托运吗
3	西安打印机票
158	电子登机牌可以登机吗
3	而且我刚刚自动给我们家小孩配了位置的
14	您好，请问针灸针可以带入机舱吗？
3	拍照
51	国际航班提前多少时间到机场
5	为什么我这航班不能选座
51	提前多久进场？
41	如何查询联航的机票座位等级
6	有没有人工服务？
3	最多几个人
65	预留座位
12	.如何帮别人值机？
45	同行人添加？
47	请问春秋航空行程无法显示吗
14	睫毛膏能带吗
3	婴儿
71	托运行李液体
3	可以加入家人吗
5	为什么小朋友值不了机呀
6	你们有没有客服电话
3	人工
150	另外原来登记的护照名字英文写错了
10	川航怎么付费升舱
8	我刚才操作失误，证件需要重新认证，麻烦帮我取消现在的证件，那个是我爱人的名字
3	不可以
11	你好，帮小孩值机一直显示值不了
25	总是认证失败，说证件已被其他账号占领
3	客服
3	机场没有ca407z航班，但是航旅纵横上显示有
14	能带50ml以内的液体吗
3	消防员优先
56	很多航班没有显示
11	川航怎么帮儿童办理值机
32	两个人同时预选座位，我怎么看同行人是否已值机？
24	你好
13	港澳航班 如何值机
163	飞行轨迹怎么同步热力图
11	携带婴儿值机
3	不能确认
56	你好为什么我的机票没有显示？
2	订票在哪页面
3	电子机票
7	软件一般在起飞前多久可以选座
40	预约完选座 还可以去柜台打印登机牌吗
56	美联航如何添加行程
24	你好
14	化妆品托运的话有没有什么规定呢
194	航班取消 无法取消值机怎么办？
28	为什么不能取消值机
3	可以使用电子登机牌吗？
71	水果可以托运嘛？
10	仓位升级
16	身份证读不出信息，如何办理登机
3	不懂
0	可以修改乘机人吗
27	我想问，刚刚兑换的口令，为什么过期或不存在
3	登机牌
203	机票名字错误
74	护照验证失败
4	老人如何乘坐民航空机
3	神州专车里面还有大量余额，为何要求我另外支付？
61	如何删除常用联系人
5	飞香港不能值机吗
3	18624019086
3	怎么预定
17	你好！能邮寄机票报销凭证吗
87	为什么我的座位被更换掉？
56	为什么查不到国航航班的信息？
84	能不能预约2个人的座位
3	北京首都机场几个航站楼
13	机票如何选座
3	P是什么仓
14	请问飞机上让带液体嘛
13	怎么自助网上选座
33	尼玛币
2	不能购买机票吗
86	6月18日早飞往成都的cz 6161航班，座位号36d，有手机是落在座位上，怎么去认领丢失的东西？
6	请问一下客服电话是多少
3	JU7438
32	找不到座位信息
3	化妆品
14	是每种化妆品不超过100ml还是所带化妆品加起来不超过100ml
14	充电宝可以带飞机上吗
21	只有身份证号码怎么注册
148	电子行程单
14	药品可随身带吧
3	工具箱在哪儿
3	如何写航班点评？
37	飞香港可以值机吗
111	儿童能网上登机牌
17	你好，我想打发票
3	升舱
3	那填写在哪里填写？
3	登陆不了
130	遥墙机场过安检后里面有吸烟室吗？
3	如果我不飞行呢
84	为什么办理值机只能办3个人的
14	喷雾能带上飞机吗？
65	预留座位
13	怎么选座
3	特惠公务舱
3	电话号码
3	重复
3	95350 GT
3	点开以后没有座位信息这一栏
45	如何添加不同乘机人
79	手机值机后还能托运吗？
11	如何帮儿童选座？
63	国泰航空行李托运超重多少钱一斤
2	能买机票吗
11	如何为孩子办值机
3	人工
56	为什么查不到cA4102航班信息
165	国际航班可以提前选座吗？
91	值机时总显示乘机人已开启行程保护，这是为什么
3	这个账号能退钱吗？
269	常客卡在哪
3	。。
3	可以戴隐形眼镜吗
84	如何为4人同时选座
13	来回航班怎么值机？
40	在手机上值机后还能打印纸质登机牌吗
31	你好请问为什么行李不给免费托运
9	接送机发票需要几个工作日开出？
42	身份证不见了可以用护照登机吗
134	输入44+手机号 收不到验证码
28	无法取消值机
14	飞机可以带药吗
13	点击哪里选座？
3	在这里办理完直机可在在机场补登机牌吗？
21	请问可以帮我添加这个证件吗
6	航旅的客服电话？￼
19	明白了
30	如何查询国际航班
63	无免费托运额的机票，托运要多少钱一公斤
112	添加同行人，显示我重复预约是怎么回事？
46	常用联系人在哪
123	航旅纵横Pro无法下载
216	行程一直显示使用中
56	你说的界面没有可享服务页或行程详细页
13	座位怎么选
72	我已删除以前的朋友，现在怎么就只能添加一位旅客
31	放行李箱托运可以吗
6	客服电话
17	我想索取机票回单位报销，怎么操作？
51	手机办理值机提前多长时间
3	乘客须知
1	改签成功了没
116	青岛机场可以用电子登机牌吗
5	不输卡号就不能选座吗？
165	只有一段航班，为什么看不见我预约的情况了
29	国际航班不能提前选位吗？
3	航旅纵横那里查看工具箱
1	改签查询
55	祥鹏航空客服电话
17	怎么打印有单位抬头发票
94	我办了延误险，飞机延误了怎么弄
71	可以托运液体防晒霜之类的吗
24	你好
3	移动电源
3	证件认证文体
87	为什么我的座位被更改了
3	有没有人工
5	为什么我选不了，提示还未值机
3	手机值机
3	哈尔滨机场的值机柜台在哪
102	如何查询我的电子凭证
5	eu2708 怎么还不能值机
17	发票
17	已经出行但行程发票忘记搭了，现在应该怎么补办
92	证件格式错误是为什么
3	1040811
24	你好
4	八十岁的老人可以坐飞机吗？
14	智能手环可以带上飞机吗？
17	怎么报销
51	可以提前多久值机
3	电子客票
17	报销
131	今天Gs7886航班取消了吗？
3	我朋友家小孩都选起了的呀
23	取消天津至乌兰浩特值机。
26	我可以帮朋友选座或值机吗
23	如何取消值机啊？
69	知道对方身份证号码如何查询对方预定的航班
59	东航的随机行李体积
156	接机退款
3	我坚持要删除 原因前面已经说过了
94	保险怎么开发票
13	首都航空如何选择优选座位
3	座位
5	航班仓位等级不同不能值机
24	你好
14	飞机上让随身携带电钻吗
3	座位8A
3	添加的同行人是一个学生，没有手机号，可以吗？
3	在吗人工
3	延误多长时间航空公司会给补偿呢
49	国际航班是要取票后才能显示吗
1	改签
136	24日CA169查看手机值机为什么总显示连接超时，不能手机值机吗
155	升舱不成功退款吗？
3	以前都是可以的
89	是到柜台上办理机票吗？
3	在哪个页面
3	怎么用他人护照查询
149	手机值机算换登机牌了吗？
3	朋友好，我问一下如何查行般号
3	本人常客卡
56	旧护照的行程没有导入
24	你好
56	怎么没有护照飞行记录
85	帮我注销账号
30	如何查询航班
85	账户注销
1	改签
128	值完机，需要换座位
3	网上值机
71	坐飞机可以托运多少液体
3	长沙黄花机场有几个登机口
3	工具箱在哪里
95	拥挤度是什么
3	国际行程
14	你好！充电宝能带多大？
94	延误险怎么买
3	飞机票
58	飞机座位靠窗
3	航班取消值机
3	版本已经是最新版本了
17	携程，同城的行程单怎么打印
35	为什么   不显示未来行程
3	如何进入航旅纵横邮箱界面呢？
92	为什么证件格式错误
3	姓名：杨慧芳，证件号：EC3907508
63	行李额购买票号是啥？
56	为啥我值机之后我的行程没有了
3	充电式剃须刀
5	为什么别人可以值机，我的不能
13	怎么选座
166	我新换了护照，总是添加不了，说我的英文名字与中文名字不符，如何解决
6	客服热线
196	到南京禄口机场是T2还是T1
63	我从乌鲁木齐乘坐西部航空回重庆，没有免费行李托运，请问是怎么计费的
3	你好，分装瓶容量不超过100ml，但是上面没有显示多少毫升，可以带吗
11	小孩值机
3	交友群怎么加入
3	OZ362
30	怎么查看自己买的是不是里程票
38	如何订餐？
26	同行人选座
115	APP上登记了身份证和护照，但是系统默认的是护照，值机时未注意，所以我取消了值机。可以重新值机吗？怎么在APP上将自动默认的护照改为身份证？谢谢！
33	你好，回答我的问题。请你
31	托运行李免费额度
3	pro
14	不是免税店的香烟也可以带么？
17	我的行程单如何获取
3	vj5282怎么查不到
3	在加常客中写错名字怎么办
3	办托运
31	经济舱可托运行李多少斤
3	是否可以为6岁儿童申请账户
13	你好 怎么选座位
128	选完座可以改吗
73	但是我找不到那个代理机票的点也没有时间到那个机场怎么搞啊？
13	在线值机后如何办理登机手续
31	无免费托运行李额是什么意思
1	改签
3	你们的预估起飞时间是怎么来的
56	半年内的航班没有导入
60	请问这个APP中如何预先选座位？
3	怎么删除其他人的信息
74	为什么我的所有认证都失败了
158	如何办理登机牌
31	行李托运另付钱吗
3	找不到
13	从哪了选座位
17	电子登机牌乘机后没有打印行程单
3	真人
6	人工客服
51	6月10日GT1096什么时候可以值机
57	我有二十斤蜂蜜可以带上飞机吗
3	电子二维码登机牌
24	你好
233	网上值机约好位子后，还要办理别的吗？
57	特价机票行李额度
21	怎么认证
24	哈喽你好
32	查看座位
167	我的认证怎么不审核
42	我用身份证号码订票，可以用护照登机吗
3	那改了怎么办
56	手动添加了行程，一直没有通过
49	亚航行程未显示
125	婴儿坐飞机
51	什么时候可以值机
21	乘机证件认证
3	这样不好吧！同行人不能选到一起，不方便。难道你们还要限制乘机人数吗？
51	提前多久到机场办手续
3	选座
3	可以提前添加值机人嘛
3	微信如何反馈
2	我是第一次使用纵横购买机票，请问操作流程是什么？
3	首都机场有几家餐厅
17	你好，这个发票是在哪里申请？
32	为什么我的座位号显示不出来
11	孩子证件为什么不能选座？
90	机场雷达怎么换啊
23	怎么取消直机
3	显示已出票
63	购买行李额
3	从新选座
84	网上选座最多同行人是几个？
31	你好！我咨询一下特价机票每人可以托运多少公斤，
17	发票怎么获取
49	你好，为什么我能查到国内的行程，查不到国外的
25	你好，我的账户被他人占用是怎么回事
28	为啥取消不了值机
8	删除证件
3	南通到呼兰浩特怎么推荐行程
74	我的证件之前在另一个手机上登录过，我现在换手机了，怎么操作？一直显示我不能认证
13	在哪里添加选座
3	一直无法显示
28	要取消值机，账户锁死了
3	过期的登机牌
6	电话客服
56	国泰航空无法提取行程
83	龙嘉机场电话
3	关注不了航班
58	靠窗位置
24	^在吗
12	怎么提别人选座，自己不乘机
17	帮忙把5月份的行程单邮寄给我
212	手动添加的行程信息有误，如何修改？
33	没看懂
70	个人乘机凭证
3	24小时选座未开
30	怎么查看自己的机票
60	预约座位多久有结果
6	客服电话多少
80	可以带上飞机的东西
17	怎样开具发票
3	太远了
116	咸阳机场能不能用电子登机牌
2	为什么不能买机票
33	我提问你不回答，叫啥客服？
13	从哪里选座
3	我的常客卡点开之后显示错误
3	行李
53	如何查看历史行程
3	没有其它方式吗
3	英文名怎么查
51	最晚什么时候办托运
94	有没有航空延误险
3	常用联系人
14	充电宝可随身携带吗
3	邮箱
57	首航行李超出7kg怎么办
58	那些位置是靠窗的
6	客服电话
139	经济舱锁定的座位不能什么时候能选
3	我的要是头等舱么
3	常用联系人填写错误
23	取消我的值机，我要改签！
72	香港回乡证怎么添加常用联系人
92	为何添加家人信息保存时显示证件号格式错误
33	我拒绝这样的答案
14	上飞机能带洗面奶吗
41	小孩票价多少
12	怎么给别人选座位
24	哈喽呀
82	怎么补打登机牌
3	吉祥航空
6	客服电话
3	人工
124	为什么手机值机一直显示未找到行程
125	2岁以内儿童有座位吗？
2	购票时如何添加同行人？
3	台湾
30	最早可以查到多久的航班
40	您好，我已在航旅纵横APP办理值机，直接凭电子登机牌过安检就可以可是吧？
49	香港的机票怎么显示不了呀
53	如何提取2009年行程
3	你好：北京首都国际机场T3去T3要不要坐摆渡车？
102	已经办理值机，但是二维码登机牌在哪里
57	行李箱大小有要求吗？
61	如何删除联系人
3	我的问题什么时候能解决
97	7月13日深圳去重庆的深航ZH9425需要申请一份素餐。谢谢
6	客服电话是什么
37	UA089航班可以选座位了吗？6月12日纽瓦克-北京
19	谢谢
3	麻烦审核一下
55	东方航空公司服务电话
3	泰国航空不支持吗
3	怎么查出没出票
3	证件校验失败？
1	您好，我需要退下机票
64	我的连乘机票只打印出一张怎么办
42	户口本可以登机吗
145	你们的服务超级烂 没人回复也就算了 并且给一个永远加不进去的QQ群
3	15808829406
71	电脑要托运吗
82	机票丢失怎么补办
56	我的行程没有出现在订单中
3	客户电话
19	好的，谢谢！
166	护照认证时姓名填写错误如何修改
14	可以带多少毫升的液体去香港
10	四川航空付费升舱
24	有人工吗
24	你好
23	取消值机
6	人工服务
3	应该怎么修改
3	航旅纵横有业内版本吗？
28	手机值机的取消不了
80	飞机什么不能带
51	国际航班要提前多久到达机场
3	大连机场42登机口在哪儿
128	怎么换座
13	怎么选座
2	户口本买票
50	儿童未领取身份证怎么验证身份呢？
3	人工
57	行李限额
24	你好
25	身份认证被占用
3	只有户口簿可以吗
3	洗发水
16	临时身份证怎么办
56	行程不显示
3	我的app中看不到工具箱
3	人工问答
3	空中模式
71	花露水可以托运吗
3	驾驶证可以吗
127	飞机可以带夹板吗
3	订座位
53	为什么2010年的飞行记录没有呢
45	怎样添加随行人家值机选座
51	飞机延误我需要按正常时间办理值机过安检吗
14	路由器让不让带
14	国际航班可以带杨梅上飞机吗
3	选不了
3	凭证号是什么？
71	化妆品超过100ml可以托运吗？
11	请问如何在大人那里添加小孩的选位的
3	托运
60	我要预约选座
12	如何帮别人值机
125	婴儿出生多少天可以坐飞机
28	我的值机怎么取消不了
223	飞机上能不能充电？
136	预约值机连接超时
60	怎么预约选座
58	我选不要靠近机翼 要靠近窗
28	取消值机不成功，收不到短信验证怎么办
10	请问如何办理升舱？
79	有行李托运，可以网上值机吗
3	100Wh的充电宝是不是10000毫安?
56	而且也不显示之后的行程，查不到航班
3	点了没反应
3	没有添加按钮啊
60	预定座位
203	买机票名字错了身份证是对的
3	哈
3	登机牌上有什么信息
3	二维码
2	预订机票怎么办理
5	没什么不能选座
3	飞机上可以用耳机吗
7	买机票多久可以选座
242	为什么添加常客卡总是显示请求失败
13	您好，可以选位置不?
109	如何更换认证
128	改座位
17	如何获取行程单
63	行李额怎么购买
11	小孩怎样与大人一起值机？
5	为什么不支持选座
14	从柏林飞北京可以随身带玻璃杯子吗
51	内地飞澳门，需要提前几小时到机场口
11	我给儿童值机没法完成
51	飞机起飞前多久可以托运
16	机场办理临时身份证需要多久
1	如何改签机票
56	我的行程没有同步到行旅纵橫
69	别人订的票我怎么查询航班信息
3	订酒店从哪里下单？
3	粉底液
24	在？
14	牙膏带上飞机
74	什么都不能认证成功怎么办
16	没有身份证怎么登记
14	无人机可以上飞机吗
3	电子登机牌
17	您好 电子发票怎么还不开啊
1	已改签，预留座位不变
44	为什么有我没订票的行程
169	行程添加成功了，却不显示
60	值机预约成功会怎么显示
3	？
26	我如何帮朋友值机
3	请问航旅登机牌如何设置？
177	请问为何添加同行人选座时会显示说仓位等级不同
5	无法选座
3	2018年12月我在宁夏吴忠万通电子商务有限公司购买了6张乌鲁木齐至哈萨克期坦阿拉木图的往返机票，万通每张机票收取了3100元。2019年4月，我们单位财务审计票务，查验到当天南方航空官网价格为1974元。万通机票给的说法是服务费，即往返机票的服务费为1126元。我认为该服务费过高，于是投诉吴忠万通电子商务有限公司。
3	我的航班取消了
4	多少岁能单独购买飞机票上飞机
3	这趟不能选吗
12	能添加别人的行程值机吗
3	为什么差不多所有的行程？
3	我在手机在线值机了，为什么退出去了，还是显示没有值机。
74	您好，为什么认证总是失败啊
56	我个人原定的机票取消了，但是我在你们app上帮其他同行人预定的座位，现在我看不到信息了，怎么办？
6	人工客服
96	请问为他人取消值机的工具箱在哪
5	选不了座位
28	我只想取消我选的座位，为什么就取消不了？？？
68	黑头铲可以去带上飞机吗
12	为他人值机
181	未成年可以在没有监护人陪同下乘坐飞机吗
3	My
11	小孩可以办理值机吗
3	什么航空公司有
3	如何修改乘客信息？
147	中转住宿
5	怎么选不了座位呢？
5	请问为什么我不能网上值机
3	取消不了
55	国航客服电话
120	为什么开启了短信提醒还是收不到通知消息？
5	你好，为什么我值不了机？
56	查不到票
30	怎么查询订单
17	你好，请问我怎么获取行程单？4.3日的飞机票，机场客服人员说我在第三方买的机票，行程单要在第三方才能打印。
31	托运箱子的重量标准是多少？
56	我定的机票为什么没有显示
106	取消接送机
25	我那个证件不是我的
6	人工服务
3	你好，了解一下每天攀枝花进出港航班飞机？
59	中联航KN2988R座 能够免费登记的行李重量
3	经停终止旅行
3	工具箱在哪个菜单里的呀
24	亲
3	建议航班取消了，在电子登记牌上提醒
3	相关信息可以怎么处理呢？
40	座位选好还用去窗口办理吗
3	航班取消了为什么没有通知
3	已经距离起飞不到24小时，还没接到提示？
3	值机柜台
12	能为别人办理值机吗？
3	中转有免费餐吗
43	我乘座的南航cz8243没有提前值机吗
14	上海飞厦门可以携带几条香烟
3	100wh是多少毫安
24	你好
13	怎么值机
71	手机电池可以托运嘛。
3	西安到潍坊飞机
19	哈哈
57	多少尺寸的行李箱可以带上飞机
2	在哪购票
3	开发票金额大于企业开票金额
65	我没有办理值机，app自动帮我办理值机了
3	行李托运
51	什么时候可以自助值机
3	你好，eld开通失败
3	qw6054座位图
203	网上查机票姓名和身份证姓有误，怎么办
24	你好
144	飞行高度在哪里看的？
3	值机人数
19	谢谢
1	网上值机之后还可以改签吗
14	纽扣电池可以带吗
13	国航飞往日本的航班怎么值机
71	托运可带的护肤品化妆品有哪些？
3	我想打人工
17	行程单
14	请问飞机✈️可以带香烟🚬吗可以带几条
3	在线
64	怎么乘坐飞机
69	怎样帮别人查他坐的航班信息
17	机票发票在哪里打
115	取消值机后还能再次值机吗
3	身份证已经认证，帮我查看登陆账号
3	增加别人
179	open票如何使用
6	人工客服
13	你好，我想问下我的航班显示是15号两点开放选座？为什么现在就可以选座位？
247	我明天的飞机怎么现在显示登机
13	多次值机失败，可以协助吗
17	机票报销
3	人工
3	我的elD身份电子证怎么办
24	你好
11	小孩手机不能办理选座值机。怎么操作？
12	替别人值机
3	登机牌
3	pro
3	人工电话吗？
3	再带上出身证明，不会影响登机吧？
2	怎么购票？
11	瑞丽航空儿童手机无法值机
13	怎么选座？
3	以前电话号码注销了
5	请问一下，我的航班怎么选不了座位好
3	9.99E+12
102	从哪里找到我的电子登机牌
5	你好，我为什么不能选座位呢
60	预约选座
202	里程兑换机票
13	怎么选择座位号
24	你好
1	祥鹏的怎么办理退票
3	但是我忘记之前航班的信息了
6	咨询电话是多少
241	东方航空长沙飞上海，再从上海转机到日本，需要出机场安检再从新进国际航班吗
3	为什么我的信息显示有异常？
6	客服电话
83	机场电话
89	我要在网上换登机牌
3	停止值班
23	取消我的值机
142	飞机上可以用手机听歌吗？
3	123
3	人工
74	我每次认证都失败为什么？
14	电动牙刷可以带上飞机吗
19	ok
3	飞机可以大骨灰吗？
3	为何添加企业信息总是错了
3	取消了，为什么又另外预留了？
6	你好，请问有没有客服电话
5	我现在为什么不能值机？
3	商务舱
14	生鲜瓜果能过安检随身携带?
3	什么意思
3	身份证号是对的
14	洗面奶可以带多少
11	你好，我已经办过值机，孩子四岁半不能单独办值机，请问，孩子的怎么添加上？？
201	怀孕四个月的孕妇可以坐飞机嘛！需不需要什么证明
87	为什么把我的座位调换到10A
26	同样航班，我朋友已经值机好了
3	那我要怎么办
59	瑞丽航空手提行李要求
6	人工服务
10	怎样办理升公务舱
14	移动电源上没有显示电源容量，只有额定能量为18.5WH，可以上飞机吗
6	人工服务
56	你好，我的行程为什么没有啊
148	如何打印电子行程单
2	请问在这个APP上可以购票吗
3	这是没有购票的意思么
80	飞机上不能带什么物品
3	😁😁😁
14	盆栽可以随身携带登机吗？
14	充电宝可以带多大
1	改签
3	怎样导出
60	如何预约座位？
3	我再看看你提供的这个号码
31	廉价飞机有免费行李托运吗？
3	头等舱（A）是什么意思
24	好
72	添加儿童联系人选出生证明，证件号码怎么填？
50	已满12岁，没办身份证，如何购机票
3	在哪里找工具箱
17	如何获取报销纸质
65	预留座位
33	太麻烦
3	名字带有生僻字的也可以用便捷电子登机牌吗
5	自己的行程不能选座
139	选座，有些座位加锁
56	刚买了机票，怎么没有显示呀
74	为什么我的身份认证失败
3	人工安检
3	中英文姓名
118	能帮我查下订单出票没吗
17	行程单打印
14	防晒喷雾可以随身携带吗
46	常用联系人页面在哪儿
71	国际航班阿胶糕可以托运吗
89	拿户口本在哪里取票
3	你这里只卖两家航空公司的票？
188	残疾人
3	我要查找2017年的记录
1	我7月5号退的票，什么时间才能到账
30	宁波飞澳门的航班怎么查询
17	接机行程单
114	预选座位还有什么意义？预选为了方便，临到开放后都放到后边的座位，还有什么预约的作用？！
68	从长沙去日本到上海转机，行李需要在上海再次托运吗
14	隐形眼睛液能上飞机吗
86	物品丢失
9	我6.12的接机服务想开发票，行程怎么找不到了？
76	行程改了为什么还在更新
3	客票代理怎么联系
6	有人工客服吗
14	弹力素可以带么
71	固态硬盘可以托运吗
6	人工服务
3	无行程显示
5	无法选座位
33	答非所问！
31	如果超过免费托运额度
2	我怎么在上面买票
3	酷航行程
2	怎么不能定票？？
24	你好
3	客票代理
46	常用联系人在哪里？
3	飞澳门算不算国际航班，一般是要提前3小时啊？
3	航班信息
3	删不了了
5	我怎么办不了值机？
5	我的手机为什么选不了座位
3	照片
3	家人行程
3	新版不能看每个城市飞过几次了
2	通知的行程就代表机票购买成功了么？
53	您好，查询2012年行程
28	点击取消值机无法解决
23	我要取消选座
6	请问电话客服是多少号吗
3	人工
3	行李托运
74	你好我的手机重装了系统，航旅要求认证，无法认证
71	可以托运电脑吗
44	提示非本人行程
3	我在哪里可以查到我认证的证件
3	手机
3	帮他人订票我是否收到信息
3	你好，我是周惟小朋友妈妈
7	请问手机值机时间是在航班起飞前什么时间断
3	open票
57	请问经济仓每个乘客可以携带多重的行李？
72	你好，添加的家人信息如何修改？
45	舱位等级与已添加乘客不同
3	在手机上如何办理选餐？
23	怎样取消选座
164	保存在哪里
14	200ml的洗发水能不能带
22	手机值机，我核对信息后确认，出现非本人行程，不可值机，这是为什么？
3	通航飞机什么意思
28	预约值机成功了，为什么不能取消，从新预约
14	充电宝可以带吗
3	行程
89	我身份整丢了怎么才能取机票啊
170	换了一个手机后，用户名登录不了，不知是帐户还是密码记错
35	请问我明天的行程怎么不显示？
72	如何添加联系人
3	遮阳伞
23	选坐取消
3	有线耳机
158	如何二维码登机
17	怎么获取行程单
4	老人可以乘坐飞机吗
80	携带物品要求在哪里查看？
3	怎么使用积分
125	婴儿乘机规定
3	小姐姐
24	你好
30	怎么看港澳行程
3	为什么老是未获取到旅客信息？
87	为什么换不了坐位
14	可以带酒吗
23	请帮我取消值机
74	不能认证
194	航班取消值机记录取消不了
3	😄
3	没有添加按钮😥
2	怎么买机票
140	怎么验证机票真假
24	你好
16	天河机场+临时身份证办理
63	行李托运费怎么购买？
84	我只有2个同行人呀
53	为什么查不到2018年以前的航程记录呢
21	能不能人工认证身份证
24	你好
6	咨询电话是多少？
3	哈尔滨机场九元航空值机柜台在哪
128	为什么我调换不了座位
23	如何取消值机？
3	你好，手机不支持NFC，能开eID吗
120	手机值机了没收到短信
140	国际机票验真
33	有用吗？
57	多大尺寸的行李箱可以带上飞机
3	我是联程票，可以提供住宿吗？
3	头等舱（O）是什么意思
195	我老公的认证弄成我的了，怎么取消呢
3	别人帮我订的机票
56	添加行程
3	前一段已值机了
13	怎么选座位
3	值机
13	再哪里选座
7	而且现在已经正式开放选座了，选不了
57	客服姐姐，飞机上可以带行李包吗
56	行程不显示
57	行李限额两件意思是可以带上飞机吗，免费吗。
243	怎么成为VIP
10	如何进行里程升舱？
13	在哪里可以选座
3	姓名长度太长
17	发票
160	app值机了还要打印登机牌么
5	怎么手机上我选不了座位
5	为什么我不能值机
166	身份证号是对的，就是名字最后一个字打错了，能改吗？
3	国际航班
73	CZ6390航班延误到几点
123	如何下载pro
64	请问办理了在线值机后去到机场流程是怎样？
3	NFC是什么！
80	国际航班托运规定
13	怎么选座位
56	为什么行程没有显示
93	请问飞机延误了，手机上也值机了，还需要按延误前的准时时间去值机吗
7	什么时间开放手机选座
69	怎么查自己的身份证是否订了机票
3	错
56	不能提取行程
49	从北京中转韩国在飞日本的航班为什么不显示？
84	值机可以办理同行两人吗
56	我一些今年的行程没有显示
3	航班记录
13	你好！请问怎么选座？
7	请问6月20日MU2176张家口到上海的航班什么时间开始选座?
13	怎么在线选位置
3	蓝牙
2	跑买票吗
3	严重影响了我的行程
33	no
125	婴儿乘坐飞机需要提前报备吗？
6	转人工
2	如何买机票
3	烟台
3	电子登机牌
3	我的卡包
13	今天第一次使用，不能在App上选座位
14	飞机能带水么
5	为什么我直机不了
28	没有办法取消值机
14	充电宝可以带多大
2	这个app可以购买机票吗
68	请问怎么判断是否行李直挂
3	打印机票
33	垃圾软件
17	我要报销
31	您好，我明天的那班飞机，是包含了午餐吗？是不是有20kg免费托运的，行李箱托运，不自己携带
11	怎么把小孩选座位加在大人上
5	为什么买的同一班飞机票，自己能在线值机其余的人就不行
2	怎样订票
30	丽江三义机场出场航班怎么查询
5	mu786不能办值机
71	水乳可托运吗
183	延误了为什么没给旅豆
3	微信客服
3	托运
14	面膜可以带上飞机吗
160	领取登机牌后还可以使用电子登机牌嘛
2	我能通过此APP预订机票吗？
33	你还是没解决
2	如何订机票？
122	如何提取电子客票号
128	修改位置
3	同行人的客票怎么查？
63	我买了15公斤的行李，有点少，能增加买吗？怎么买？
248	取消值机后可以去现场打印机票吗
73	怎么看实时航班
24	你好
243	办理贵宾卡
2	怎么订票
3	我怎么把爱人和孩子信息添加进来
3	位置已选好有二维码
71	我想问问宠物怎么托运
9	打车发票问题
14	护肤品有限制吗
17	5月29日天津航空7552航班和田飞乌鲁木齐的报销凭证怎么开
3	9.99367E+12
83	大庆机场电话
24	你好
33	你死了
199	办理完行李托运之后可以用电子登机牌登机吗
65	取消预留座位
3	14J是我在携程上预定的座位，已经取消，为什么还是在航旅纵横中显示占用，并且不可修改
112	为同行的人预约座位，为什么提醒不能重复预约
14	活络油可以带吗
13	你好！怎么选座位？
3	图
25	我的证件被其他人认证，我认证不了，怎么办？
5	为什么不能选座呀
71	玉器能托运吗？
11	儿童 值机
58	我怎么选靠窗位置
261	身份证消磁能坐吗
103	如何修改密码
147	航班因天气更改到第二天，航班公司是否会安排当晚住宿？
3	安卓
24	你好
3	以前的行程
7	什么时间可以选座
97	我6月6日的行程想订素食，怎么定
122	为什么没有电子客票号
6	你们人工客服电话是多少
14	香水可以随身带吗
3	怎么联系呢
3	如何加入孩子的信息
26	带着70多岁的老人，订票时忘记选座了怎么办
199	托运行李，可以使用电子登机牌吗？
3	哈尔滨国航值机柜台在哪
3	托运物品数量
17	我需要行程单报销
128	怎么改值机
12	非本人行程，不可值机
30	请问旅游团一起买的机票个人查询不了
23	取消值机
3	为什么我选坐自动升成
3	我的历史记忆录
24	你好
24	你好
17	怎么打印发票
71	请问由重庆飞北京航班可以托运酒吗
3	如果超过值机的时间 可以拿票登机吗
205	请问我的里程上为什么没有显示
3	上面的问题可以回答吗？
89	如何取票
93	得知飞机延误事可以晚到机场的？
28	我的值机为什么没办法取消？
3	如何累积里程
19	谢谢
3	升舱
3	儿童不能注册码
5	软件可以选应急们通道的座位吗？我怎么无法选择
2	能否购买机票？
169	已经手动添加但还是无法显示
3	工具箱
33	新手机号码也注册过，该方法无效
3	计费标准是怎么计算的？
30	我朋友帮我买的机票该怎么查询
128	预定座位还可以换吗
80	托运注意事项
6	客服电话是多少
12	怎么可以给别人值机
51	可以提前多久打印登机牌
30	订单在哪里可以看？
30	如何查看我下一个行程？
50	只带出生证明可以吗
16	身份证丢了，可以乘机吗
3	价格
28	不能取消座位
5	值机取不了
80	什么东西能托运
50	14岁的小孩子，没有身份证，怎么办机票？
3	推荐进入在哪里
3	国际航班
13	办理选座在哪
125	怎么购买婴儿票
84	为什么我预约值机只能值三个人呢？买了4张票
84	同行三人网上选坐，名字后面没有+号
3	当天查询次数
3	充电宝
3	联名卡
30	怎么查到已购买的机票
42	护照可以国内登机吗
24	嗨喽
14	笔记本电脑可以带么
96	我怎样操作取消替别人选的座位？
6	你们有电话吗
16	深圳宝安机场+临时身份证办理
71	请问托运行李里能带3斤液体不？
55	南方航空公司电话
13	怎么选座号
33	有病
84	值机选座选了三个人，还有好多人还没选，怎么添加？
14	飞机上可以带刀吗
3	备降
14	请问吉他能带上飞机吗
3	请问国外航司的行程
6	有人工客服吗？
3	航班取消
3	举牌怎么弄
3	失败原因是手续未能成功办理
222	预约选座 可以更改吗
113	你好，行李箱托运完坏了
181	17岁的孩子可以单独乘坐飞机吗
60	座位预约
114	已经预约选座，离起飞还有一天了，怎么还没有确定座位
30	怎么查询我名下的机票
13	我要选座位
3	在设置中我查看了一下，没有开启行程保护。
24	你好
1	显示该航班已取消
3	无法选择怎么办
30	我怎样查看我前几天的机票行程
21	能不能用别人的手机号码进行认证
13	如何选座位？
14	密封咸菜可以带吗
13	怎么选位置
23	值机怎么取消
3	首都机场有哪些餐厅
13	去哪里值机
8	旧护照没有提取的行程。护照号：G40990668，姓名：吕颖，删除原因：已过期并已更换新护照。
14	托运酒数量有什么限制？
56	旧护照 行程没被更新
56	行程已经添加成功
58	靠窗
3	可以吗
11	儿童机票怎么选座位？
3	如何添加多个证件号
5	老是值机失败
11	请问我是东方航空，小孩子可以在手机上选座位吗？上海浦东到美国洛杉矶。
45	怎么添加同行人手机值机
3	港澳通行証
3	未支付订单在哪？
3	9992113227649是几折票？
73	今天航班怎么取消了
3	人工
3	待出行怎么看不到
115	取消预约值机还可以再次预约值机吗
32	值机查询
84	我们一共4个人，已经给三个人选了座位还有一个怎么选
51	托运时间
17	你好！我现在还能打3月份的行程单吗？
55	东航客服电话号码是多少？
3	出票公司
3	会话失效是什么意思
13	新加坡人如何办理值机
14	可不可以带单反电池
3	认证
3	为什么国际航班不显示价格？
3	联系机组人员
3	那为什么我朋友的显示
3	为什么无法获取仓位图
3	发胶
3	是自动提取的被我删除了
3	有什么办法可以解决？
180	航线图是要飞完了才能显示吗
209	请问怎么买往返机票？
53	只要下载pro版就可以最早看到2011年的行程了吗
3	机票有成人和婴儿，直接预留成人可以么
102	电子登机牌，在哪找到
69	能查别人的购票记录吗？
42	哪些证件可以乘坐飞机
12	如何帮老人值机选座位，自己不在该航班
3	请问这是为什么
3	矿泉水
63	你好，我想问一下怎么在线购买行李额
3	为什么pro版只提取了2016年以后的行程
3	2016年飞行大事记
5	你好，非本人机票不能在线选座吗
115	取消值机后能重新选座吗
23	需要取消值机
6	人工客服
47	我的飞行路程为什么没春秋航空的？
129	为什么前十排选不到
3	VIP
14	电钢琴可以随身携带上飞机吗
58	18A座位靠窗吗
63	怎么购买托运
3	50g的高压瓶
41	怎么查看机票
11	儿童选座怎么选不了啊
79	手机值机后可否去柜台办理行李托运
3	2009年
6	客服电话是多少
9	神洲专车发票开错
5	无法办理手机值机
56	历史航班没有导入全
57	两个人一起行李托运数可以合到一起吗
56	7月14日乘SC8065，为什么查不到行程？外方统一订票。
94	延误险
3	如何索要机票
2	航旅纵横只能查询不能购买机票吗？
3	延误一小时补偿
3	香港居民如何添加
49	国际航空怎么看不到
15	认证过不去，是因为长久设用在线了，另外电话号码改了，怎么办？
24	请问
180	看全球飞机航线图
5	请问明天的6120航班为什么还不能值机？
84	同行人只能有3个吗
5	同行的都能值机了，为什么我的不能，
3	查询次数到达上线
3	航旅纵横的微信
17	行程单为何没有打印
13	手机软件怎么选座位
24	你好
16	办理临时身份证
24	您好
3	没有啊，是一致的
63	可以买行李额吗
6	转一下人工服务
3	休息室
13	您好！我怎么能看到我的手机值机之后的情况
3	无纸登机
68	中转旅客要领取托运的行李再托运吗
60	预定座位
3	上面写的开放
84	同行选座可以选几人？
5	为什么明天的航班到现在还是不能值机
252	天气
14	洗发水，沐浴露，护发素能带上飞机吗？
59	请问下周三，6月12日GS7898的航班，大的行李箱免费带吗？
17	报销机票怎么打印
166	姓名和证件号不符怎么修改
15	我今天只是修改了手机号码
3	选座
102	二维码在哪里
2	购票
232	我选的6D的位置是不是经济舱的位置？
55	红土航空电话
3	能邮寄吗
3	厦门航空
65	值机用不了预留座位？
1	退票手续费
3	我的上面已经没有了座位信息
3	航班取消什么时候会取消状态
3	怎么领取会员卡
5	为啥我手机值机选座点不了确定呢？
19	哦，好的
13	怎么选座位
69	怎么能查别人的航班信息
30	请问如何查询我的订票信息？
23	你好，如何取消值机？
69	可以查别人的航班吗
3	那大于2岁，比如2岁零1个月呢？
3	您好，我不能下单？
1	网上值机了，如何取消机票
13	在哪里选择座位号
3	添加不了
3	我的凤凰知音卡里程怎么不显示？
14	可以携带几条烟
98	值机不能添加同行人吗
24	你好
3	显示已经添加过 重复添加
79	需要托运行李的能手机值机吗
3	😱
6	人工客服
16	身份证掉了怎么登机
3	如何查航班准点率？
139	选座时，带锁的，是没法选的吗？是需要付费才能选吗
63	怎么在天津航空官网上购买行旅托运费
3	飞行模式
2	订票怎么定
17	9991956203992如何打印行程单
56	怎么查不到航班信息？
57	行李限几件
14	5V两万毫安的充电宝能带上飞机?
3	没有修改
28	为啥我不能取消值机
3	大连周水子机场支持eid么
3	姓名和已认证的姓名冲突
9	我通过航旅纵横下单的接机服务，发票如何开？
3	婴儿
181	无成人陪同儿童票怎么购买
98	你好，国际航班，手机选座不可以添加同行人吗
158	如何打印电子登机牌
209	定往返机票
23	你好麻烦帮我取消值机
3	工具箱
3	没有原因
3	电子登机牌
3	如何推荐给朋友
65	找不到预留座位
71	牛肉和盐可以托运吗？
5	问什么海南航空的无法值机？
56	买的是转机机票，为什么只显示一张机票
13	ios怎么选座
3	但是可用里程是0
25	证件已被其他账号注册
11	小孩的要怎么值机？
175	轮椅服务
2	这软件有订票功能吗？
3	为什么电子登机牌得登机口一直在变
109	麻烦客服更改账户信息，证件名称为刘玥，谢谢
125	婴儿坐飞机需要注意事项
128	只有调换座位和取消执机没有取消座位按钮
13	你好！请问在哪选座位？
3	有没有客服
3	添加同行
17	行程单
23	帮我取消值机吧！
13	怎么没有值机了
23	取消值机
3	工具箱在哪？
50	一个大人带2个小孩怎么坐飞机
13	怎么选位置
85	注销账户 审核多久
30	怎么查自己的国际航班
3	台湾机票
24	在吗
198	如何直接中转
24	你好
9	我的神州专车发票怎么开？
14	水果店可以携带吗
13	网上选座位，怎样没有选座界面
31	经济舱免费托运45公斤？
68	中转机场是否需要取行李
99	身份证过期一周能过安检吗
3	这个可以带上飞机吗
50	出生证明证件号
33	我要投诉你们
3	没有找到工具箱
3	北京飞澳门
84	为什么只能帮2个人值机
76	改签信息未更新
3	您好请问我代人选座不同意怎办？
3	你好，群里一直不通过
53	我的2017年行程为何显示不出来？
3	超过的充电宝怎么办
186	您好，国泰航空公司登机牌找不到13位的数字购票单号，手动添加的行程是几年前的了，座位编号不知能否查出。
53	为什么我的风飞行记录只有16年以后的
247	你好，问一个问题。我儿子的下周一个航班加拿大航空的从上海到蒙特利尔直航，加航官网显示是7月23日上海浦东16：50起飞，但在他本人的航旅纵横上显示是7月22日16：50。请问为什么是22号
3	而且也不能显示电子登机牌
17	发票的单号哪里看的到
219	怎么分享航旅纵横
28	取消选座取消不了
122	为什么我的英文版机票出行单上面没有电子客票号
3	我没订票
37	台湾的航班也可以在这里值机吧？
3	联系人
24	你好
3	在哪里升级了？
53	如何显示以往全部行程
71	牙膏可以托运吗
3	藿香正气水
13	如何选择座位
56	怎么提取2011年的行程
72	是否能添加家人信息
24	你好
7	什么时候开放
13	怎么选座
56	为何有的航程没有记录
30	联航如何查询行程
12	我想问一下如何帮别人在这里直机
2	这个app上能购买机票吗
63	为什么这躺飞机没有免费的托运
24	你好
3	p舱是什么性质
59	我的mu9911行程的行李限额
12	非同行他人选座
98	添加同行人不行
3	登机牌可以认证吗
3	电子烟
12	怎么帮他人值机？
136	为什么值机一直显示网络超时
131	航班取消是飞机晚上不飞了是吗
24	你好
5	为什么我不能进行值机选坐
87	座位被换
3	为什么行里纵横下载了以后不能注册？
14	摸脸油可以过安检吗
26	用我的手机为别人订机票不能值机吗
81	请问航线图为什么显示不全
56	你好我刚刚出票，为什么现在还没有行程
3	🦐能不能带
3	删除好友
5	办理不了值机
31	请问托运行李的要求和流程是什么
3	注销
97	怎么预订清真餐
6	人工服务没有吗
94	购买飞机延误险
3	旅行豆能干什么
168	t1航站楼的头等舱托运行李的地方在哪
8	怎么删除自己的证件啊
21	如何添加护照
3	工具箱在哪？
6	客服电话多少？
14	充电宝用多大的
5	为什么添加同行人值机显示不是本人不可值机
3	银卡
13	快速选座功能在哪
3	人工
60	不能提前选座吗
13	怎么值机
17	如何开发票
3	12000毫安的可以吗？
37	MU8889明天浦东飞美国西雅图的航班有网上值机办理么？
17	请问行程单不见了可以重开吗？
2	这里面不能买票吗？
102	登机牌在哪里找
2	这个软件可以买票吗
232	值机为什么无法获取仓位图
161	你好我的号可以帮别人办理登机牌吗？
14	可以带充电宝吗？
13	天津机场值机可以吗
11	儿童同行人为什么不能值机
59	美联航托运限重
28	我的值机无法取消，请帮忙取消，谢谢
3	哈尔滨机场有星巴克吗
17	行程单如何打印
3	电子乘机牌
127	陶笛可以带上飞机吗
58	机舱安全出口在什么位置
3	工具箱
3	2005一一2014年国内的没有？
3	宽体机
3	为什么只显示一个座位
3	显示我未乘坐
95	航班拥挤度
3	俄航空的怎么看不见出行信息
23	取消值机
46	找不到 常用联系人 页
3	身份认证
3	【差旅贴士】航易通提醒您：您购买的刘玟燕乘客，2019-06-18 21:20北京首都到杭州萧山CA1714航班已取消，请联系我司申请变更航班或者退票处理，退改费用以航空公司为准。客服热线：4000388098
3	选座位
37	瑞丽航空可以在线选座吗？
3	东航值机柜台
59	22号晚上七点左右金鹏航空的Y87542的航班行李限额是多少
56	我的机票信息怎么显示不出来呀，
3	怎么用身份证搜索航班
20	国际飞行记录
45	添加同行人
3	微信
63	为什么我没免费行李？
16	你好，身份证找不到了，可以使用户口本登机吗
14	20000mAh的充电宝可以带上飞机吗？
3	这个是哪个座位？
89	如何打印机票
3	?
40	已经值机成功，还需要柜台取纸质登机牌吗
94	保险还能在买吗
94	我儿子乘坐了et302死了，有保险吗，。
69	我给小孩订票，小孩的行程怎么看？
14	液体标准
3	电池
233	我巳预约座位成功，还需办理值机吗
7	选座时间在什么
56	国际航班导入
135	软件的飞行模式
14	上飞机能携带单瓶不超过100ml总量少于1000ml的液体吗
182	行程如何放入钱包
14	你好。国内航班随身携带香烟，多少？
64	第一次坐飞机不知道相关流程
23	没有取消座位选项
236	我想问下中转不是同一班飞机要取两次票吗
3	eID
23	办理过值机的话，是否可以取消？
3	为什么选不了多少就上限了啊
23	为什么不解决取消座位的问题
128	如何更改座位
3	食品
23	如何取消值机
24	您好！！
3	首页
56	为什么到现在都没有显示行程
3	积分呢。
14	我带120润肤水和120乳可以带飞机上吗
14	液体
10	我想升舱
95	航班拥挤度是什么
3	航班取消补偿
125	一个月的宝宝做飞机需要注意什么？
6	有电话么！
3	只有大学的学生证，行不
50	哥哥可以带12岁以下儿童坐飞机吗
101	我六月二十号西藏航空希望办理值机，怎么办不了
3	你们app里订的专车
79	请问办理手机值机，还可以到机场托运行李吗？
166	证件上名字写错了
71	阿胶糕可以托运吗
3	。
3	为什么没有选座
23	取消值机
3	常用联系人
246	中转航班需要预留多久时间
139	为什么座位会被锁定了
96	帮别人取消座位
3	我还用取登机牌吗？
13	只能为自己值机吗
6	客服电话
56	为什么没有当前行程了
3	接机没有按时到
227	升舱订单可以取消吗
3	航旅纵横Pro
90	我用200旅豆兑换了“机场雷达”功能，但对于苹果手机，是不是不用兑换，依然有这个功能？
3	人工号码
3	航班取消了现在能怎么办
3	值机
13	泰航怎么办理值机
31	国际航班免费托运行李重量
33	那你是干什么的？
3	这是选成功了吗？我不太清楚第一次搞这个
3	买了两张票 就显示一张呢
80	什么东西不能托运
1	退票
135	飞行模式怎么开
1	已经值机的机票能退吗
3	加拿大航空
3	在哪个栏目里进入潜血我的行程？
1	但是航班延误太严重了，有事不能等，所以没有乘坐，怎么退票
14	我带老人坐飞机，轮椅可以上飞机吗？
37	瑞丽航空可以在线值机吗？
13	怎么办理值机，怎样删除常用旅客
33	做的什么界面 真难看 感觉一点都没有档次
3	旅行箱
3	改邮箱
3	工具箱在哪里
6	人工客服电话多少？
49	我的国际航班信息为什么没有显示
3	你好，有一个入境卡填写的样表，请问在哪个功能里？
3	通航
55	怎么咨询航空公司
181	多大年龄，可以独立坐飞机
12	你好，我如何帮助别人值机？
3	升舱
33	我提的问题为什么不回答呢？
232	我选的6D的是不是经济舱的位置呀？亲
14	可以带两个充电宝吗
127	小孩儿玩具可以带上飞机吗？
55	请问西部航空客服电话多少？
14	去阿拉伯，可以带头疼药，止痛吗？
136	但预约选座点进去就显示网络异常
3	我的信息被别人占用了
31	28寸的行李箱可以托运吗
5	信息全填写好了，但还是选不了坐，请问什么操作呢？
80	荷兰航空 托运要求
68	行李中转
11	成都航空支持儿童值机吗
3	老婆可以带吗？
27	怎样查看口令卡
11	同行的小朋友不好选座位
86	你好。我孩子的衣服落在飞机上了
19	谢谢！
111	携带婴儿登记如何取票
60	现在能预约值机返程吗？
13	台湾同胞，如何值机？
3	卡包入会手机是久号码怎么办
95	航班拥挤度
85	怎么注销账号
69	能不能查到朋友的飞机信息
23	选座后取消
57	坐飞机行李重量不超过多少可以带上飞机
1	改签机票需要补差价嘛
101	春秋航空选座
139	为什么有的座位选不了
3	那我问问
124	显示两天内没有我的订单
3	蓝牙音箱
3	eid
25	我的身份证怎么被绑定过
123	Pro版本下载
139	手机值机为什么所有座位都不可选？
30	可以查询多长时间没的订单
3	在这里不能解决吗
69	请问如何用户照查询他人给定的机票
28	现在给我换的座位我不满意为什么取消不了？
3	长春
3	想选座位
3	国内票证件
166	我的护照信息姓名反了
3	添加人
73	你好  怎么查询所有航班到达出发的时间?
2	怎么买机票
11	你好，我已认证，但是我现在要给孩子选座位，
139	带锁的座位是什么意思？
13	值机怎样操作
3	需要修改的手机号已被注册
28	我的值机取消不了
3	紧急联系人
51	网上值机最晚起飞前的几小时
80	港澳台托运需知
22	非本人行程不能值机？什么意思？
3	现在软件怎么和原来不一样了
3	这是什么意思呢
6	航旅纵横人工客服电话
71	超过100ml的护肤品可以托运吗
31	国际托运行李重量？
3	可以找你帮一个忙吗？
126	不是，要添加行程，查看航班状态，为什么添加不了。
3	点击没反应
106	我预定接机，现在航班取消，如何处理
125	儿童票
102	无法查看电子登机牌
14	充电宝可以随身携带吗？
11	你好。川航儿童可以手机值机吗？
3	您好，人工
33	接机投诉
3	查询航班乘客信息
24	您好
3	订单号9992113227649国航CA1368是几折票？急求
17	机票没有行程单号
134	收不到注册验证码
3	Unerring
194	我帮同行人值机了，航班被取消为什么取消不了同行人值机？
48	已经申请注销要多久
28	怎么取消不了值机
16	长水机场临时身份证办理
6	人工客服
12	可以帮自己和别人一起选座位吗？
3	app能否预定
126	添加了客票信息，说添加行程失败，是怎么回事呢？
3	2017年行程
13	您好，如何办理国际航班的值机？
102	值机二维码
7	手机值机提前多久
25	身份信息已被认证
13	APP里面没有选座选项
56	怎么添加亲属行程
58	机翼位置
14	白酒如何携带
1	亲，航班取消了，可以改期，还是？费用怎么退回
12	可以帮他人值机吗
74	我的认证显示失败
3	这么说我现使用旳不是最新版本？
56	为什么航班没有显示
3	但是说的退票成功
21	无法添加新护照号
14	乌龟可以携带吗
188	伤残证
3	为什么不会显示价格
3	这是什么情况
181	无陪旅客
24	在吗
3	是手机认证
53	8年前的飞行信息能查到吗
6	人工服务
3	可是还没显示
3	旅豆中心在哪
57	行李箱大小
13	怎么选座位，现在就要选
3	石家庄到沈阳
44	你好，我没有定机票呀？
3	电子登机牌
7	系统提示今天早上6点开放选座，为何到现在都不开放
56	未显示行程
63	沈阳到泰州 行李托运怎么收费
3	面霜
3	国外的往返有记录吗
50	有出生证明照片
23	我要取消选座
13	怎么选座位
3	？
17	我的报销凭证何时邮寄回来
3	关注的航班显示当地时间是什么意思
1	怎么退票
3	取票
69	如何用身份证号查询机票
123	Pro版本如何下载
15	改手机号
42	可以用护照登机吗？
11	国航儿童不能在线值机吗
79	电子值机要办理托运
109	身份证号变更怎么弄
3	国际航班？
109	修改认证
2	购票
3	如果因为前一趟航班延误，影响赶下一趟飞机怎么处理？
3	你好   我四月十四日由青岛飞香港、再由香港飞伦敦 ，怎么没有积分
193	电子值机牌可以直接登机么
69	如何查询别人的机票有没有出票
115	天津航空公司能取消值机重新选座位吗
14	充电宝可以带吗？
13	怎么选座
109	新护照跟旧护照的号不一样了怎么改
11	小孩子不能手机选座吗
177	经济舱不能给公务舱值机？
28	儿童取消不了直机
59	南航可以带多少公斤东西上飞机
26	本人可以为同行人选座位吗
69	我想问一下，通过姓名和身份证号能查询航班信息吗？
24	在吗
28	你们只能办值机，不能取消
3	带哪些证明
5	为什么我给别人值机不了
3	其他旅客行李在我这里
23	取消我的值机
30	我怎么查我已经购买的机票信息？
24	您好
1	如何查看改签成功不成功
3	8.33453E+12
6	转人工
72	想添加孩子的信息 怎么添加啊
14	国航班机小孩的滑板车能带上飞机吗？
17	报销凭证
3	今年的也没有
49	澳洲航空的行程没有显示吗？
3	QQ群我问儿童预约打哪个号码没有回答的
109	如何修改认证信息？
3	失物
166	如何修改原来登记护照的名字，原来的名字写错了
239	南航会员卡绑定
79	在这里值机后还可以办理托运吗
122	找不到电子客票号
45	如何添加同行人
3	还那么靠后
71	火折子可以托运吗
106	取消预定的接送机
125	儿童乘机规定
3	电子登机牌
5	为什么我的客票不支持手机值机
56	原来的行程怎么没有统计呢
6	人工客服
32	我的选座完成了吗？
121	证件添加不了
3	37072120000306537x
6	有人工客服吗？
74	认证的姓名和身份证不一致
3	已经这样操作，还是不能取消啊
3	个人乘车证明
83	机场电话
95	拥挤率是什么
24	你好
16	荔波机场办理临时身份登记
97	预约清真餐
51	我现在要几点之前到机场？
3	JD5860
166	证件上姓名有错
65	预留座位
64	首次飞需要注意什么？
24	你好
13	如何选座
23	怎么取消值机？
6	人工客服
57	行李额可以共用吗
145	加了QQ号一直没人接呀。
3	怎么查未出行的车票
84	请问我们有七人出行，怎么一次办理预约选座
161	请问可以帮朋友值机出电子登机牌吗？
24	你好！
127	助焊剂可以带上飞机吗
50	2岁儿童坐飞机需要什么证件
1	我想问一下，我定的航班，突然取消了
14	可以随身携带多大容量的充电宝
49	国外航空公司的行程可以查到吗
3	是最新版本
49	为什么我去年出国的行程没有显示
3	电子登机牌开通eID标识怎么生成电子二维码？
56	怎么看不到机票和座位？
8	删除证件
5	我都不能办理值机什么情况
3	我本人未订
38	请问有没有提供晚餐？
90	机场雷达提取码
53	2015年前的行程
3	提前买了行李托运，到时候有的退吗？
131	飞机延误吗？
3	工具箱在哪找
3	老年人
3	160Wh是多少毫安
3	空中飞人
3	香烟
25	我的证件显示被其他账号使用，怎么办
12	自己不出行帮别人能值机吗
16	没带身份证
3	航旅纵横口令
31	新加坡航空托运一米二的行李
49	国际航班可以显示吗
3	怎么预定穆斯林餐
30	国际航班如何查询
31	行李多重托运
13	要是一个人可以选位置吗
21	怎么认证港澳通行证
3	退款什么时候到
3	手提行李
5	我的怎么选不好座
9	接机服务发票开不出来
5	我不能手机值位
3	我怎么总是游客身份
131	飞机延误了
13	选座的页面在哪里找
149	值机是什么意思
3	海南航空值机
17	你好，可以打行程单吗？
3	已经申请加群了
13	我要选座
3	选不上
3	查看飞行大事记
14	可以带一万毫安移动电源吗
3	名字错了，怎么办
57	可以带上飞机的行李箱
11	儿童怎么选座
59	祥鹏航空行李携带上机的尺寸？
23	你好 怎么取消值机
17	请问，报销凭证是在机场打印还是发到登记的邮箱？
8	徐超杰，证件号：G34361731，删除原因：护照已过期
24	您好
24	你好
7	我的航班什么时候开始选座
56	我的行程只有2018年的，其他的哪里去了？
3	人工
71	沐浴乳可以托运吗
17	上周我刚刚出差去广州，我需要获取从三亚到广州再从广州回三亚的行程单，如何获得
71	化妆品托运
3	我问什么时候给我选的47K座啊
3	编辑常用联系人
65	值机座位与预留座位不同
31	托运两个行李箱，每一个9公斤。可以吗？
102	为什么没有二维码
3	人工
3	火车票
1	如何改签
3	怎么升金卡
3	怎么回事
31	托运行李有大小限制吗
194	航班取消如何取消值机
3	工具箱在哪
56	没有历史乘坐航班记录
24	您好
6	你们的客服电话
30	怎么通过sfz查航班
57	这趟航班，随机带多少行李？
128	饿哦想从新选座
2	怎么买票
14	膏状药可以携带吗
2	怎么定票
205	请问以前的行程能补登里程或者积分吗？
3	手机选座
3	为什么看不见预约情况了
3	国泰港龙航空为什么不显示
7	你好，现在提前一天不能值机选座吗
24	你好
73	有航班起飞提醒吗
3	托运
3	积分
9	接送机专车发票开不了怎么办
57	免费行李额
56	别的app导入行程
58	为什么看不到机翼在哪？
1	预约座位影不影响改签退票
98	不能添加同行人
168	怎么添加行李托运？
2	你好，能查询朋友帮我订机票吗？
23	取消值机
43	cz6184为什么不能在手机上值机？
14	飞机上可以带多少毫升液体
68	托运的行李在中转处需要拿吗
34	订完票怎么不出订票信息
28	手机值机无法取消
13	怎么选座
128	已值机还可以改座位吗
13	如何选座
109	亲，我的身份证有变动，我怎么更改
50	儿童乘机证件
1	改签
3	再哪个界面可以选座位？
49	国外航班没有显示
56	我22号的票已出，怎么我这里看不到呢
23	我不想让你们办理值机
26	如何为同行人选座？
3	化妆品
91	怎么取消行程保护
14	水可以带吗
14	可以带奶粉吗
41	这里怎么查机票价格
3	1.李建鹏 JWTQVS                                                                 2.  CA1501 Y   SA22JUN  PEKSHA RR1   0830 1040          E T3T2                                                                                          5.SSR FOID CA HK1 NI220502198503121259/P1
13	如何选座
23	怎么取消值机
3	可以查询其他客人信息吗？
24	你好。
11	请问如何帮孩子一起选座？四川航空的机票，成都飞温哥华
3	值机
73	卡塔尔航空能查到吗
17	开发票
3	能帮助添加吗？
23	怎么取消座位
3	吉他
3	工具箱在哪里
17	行程单上为什么有样例
3	为何出票信息和订票信息不一致
32	座位信息页在什么地方？
3	我已加入群。
65	为什么自动值机了
3	如何看去银川几次
19	谢谢
14	液体
2	如何预订本月19日的机票
14	请问可以带打火机吗
53	IOS pro版可提取的最早行程是多久以前的
91	我的航班显示保护中
28	值机取消不了怎么办
30	别人帮忙买的机票可以查到？
1	如何退机票
3	信息提供的有错
33	没有解决问题
31	托运不能超过多少
8	我的证件怎么删除
3	值机为什么值完了一个另一个显示未开放
53	之前的飞行纪录，为什么都没有显示
89	我想要机票报消，怎么打印
71	化妆品能托运吗
154	行程删除了能恢复没
3	行程不结束
6	航旅纵横客服电话
3	登机牌
50	登机婴儿需要哪些证件
16	忘带身份证
1	你好，由于飞机延误，我需要退票，请帮我处理。
3	想办法怎样让我取消了
5	为什么国航的机票无法在纵横APP值机
3	值机停办
3	之前看下去什么舱位都有，一目了然，现在有些舱位都看不到了，好比如海航的Q舱，南航的S舱，现在都看不到了，连头等舱的打折舱都看不到了
57	买行李额
57	您好，我想问一下行李箱具体尺寸有限制吗？
30	可以用护照号查询机票吗
3	可以添加几位
14	蚊怕水可以上飞机吗？
37	泰国狮航可以值机选座吗
3	怎么添加信息？
51	最晚什么时候到机场
4	超过70岁的老人在网上买飞机票，要提供什么材料吗？
51	起飞前多久停止安检
3	这是我自己的行程
7	航班未开放选座
5	当前客票不支持手机值机
26	如何确保一家三口人坐在一起？
13	请问在哪里选座位
31	托运行李的重量？
70	怎样导出个人乘机凭证？谢谢了
17	怎么打印行程单？
244	请问艾草香囊能过海关吗
24	你好
278	飞行计划在哪看
5	为啥不能手机值机了？
13	如何选座位
3	您好 我在网上订的座位 然后二维码什么意思呀
13	怎么可以选座
3	防晒喷雾
153	公务舱i舱可以进贵宾休息室吗
34	怎么查询朋友的机票有没有订上？
40	手机值机后登机牌的打印
3	太平机场国航值机柜台在哪
47	如何添加春秋航空
105	护照添加不了
3	ca1924是哪个航空公司的
23	取消我的值机
17	行程单号
5	为什么票号输入都值不了机？
58	飞机机翼在什么部位？
141	什么是常客卡
56	怎么查不到飞机订单
91	行程保护取消
115	取消值机后还可以从新值机吗
13	怎么选座位？
32	座位信息在哪看
2	多久前可以订机票
30	朋友给买的机票如何查询
17	你好，请问为什么无法上传行程单
28	没有办法取消值机，怎么办？
17	打印发票需要什么材料
132	为什么不能预定接送机了？
42	有效乘机身份证件
6	转人工
3	儿童
3	可以更改承运人么
6	怎么电话联系你们
3	人工
28	取消值机无法取消
3	我想问一下
80	飞机上哪些东西不能带
14	你好，请问洗面奶可以带吗？
3	从哪里查到我的转让人
148	电子行程单
3	提示是你己选了
6	人工客服电话
118	如何查询我航班已经约定成功？
267	如何查看行程支持电子登机牌
22	显示非本人行程不可值机
85	如何注销账号
80	托运违禁品
3	延期怎么处理
3	旅豆在哪查
102	电子登机牌在哪里
73	武汉到拉萨的机票，可以在航旅纵横中买吗？
1	买的广州到成都，现想改深圳到成都？怎么办
69	我怎么用身份证查询机票
23	我只希望取消选座
3	电子登机牌
86	丢失物品
3	哈尔滨机场的值机柜台
33	Sb
21	添加旧护照
16	机场能办临时身份证吗
3	常用
95	航班拥挤度
13	出票了在哪选座位
17	可以寄送行程单吗
3	国际航班
173	你好！请问机场停车一天收费标准是多少？
3	移动电源
11	儿童怎么值机
0	飞机乘机人手机号错误有事吗？
137	值机预约记录
3	一共可以带多少升
88	查找行李
17	接送机行程单
3	换到第40排
3	我五月26南阳飞广州的电子登机牌能不能发给我一下
3	安检
14	乘坐飞机可否携带熟食粽子
17	我的机票CZ8129在南航柜台不能打印行程单，怎么回事？报销用，在哪儿打印？
72	常用联系人的添加
6	回答不正确。你们有客服电话吗？
14	水果拼盘可以带上飞机吗
17	飞机发票
3	人工
11	儿童网上值机
3	人工
5	航旅纵横为什么不能选座？
94	购买延误险
133	取消值机 会咋样
3	那别的app上的机票怎么没这里的便宜啊
9	我是在APP进行打车的、为何不能出发票
102	电子登机牌在哪里查看
102	在哪找的电子登机牌
53	提取2011之前的行程后为什么还不显示
24	在吗
19	啊
63	行李超额怎么收费
6	人工客服
1	现在我想机票改期了哦
5	不能进行自己和同行人同时值机
55	航空公司电话多少呢
3	只有孩子的户口页就可以是吧
5	值机不了
94	延误险
3	名字跟证件号对不上
56	潜加证件后，将要出行的计划为什么显示不了？
3	客服
14	请问下国内航班可以带几条香烟
3	人工电话
84	请问选座位同行最多能选几个？
3	为什么有其他的行程
3	托运
3	你好，国际航空公司怎么查看
3	可以添加好友吗
32	能帮我看一下我在线选座是否成功了吗
49	春秋航空的国际航班会显示吗？
1	我要退票
57	境外行李额限额
51	您好   我刚定的机票本来是7点多的  但是延误到9点40多    请问我们要几点到机场
71	飞机托运酒
31	托运的行李箱重多少？
74	我认证不了
64	第一次乘飞机的流程是……
98	已添加同行人 但值机不了
14	充电宝可以带多少毫安的？
7	国际航班网上值机提前多久开放？
7	啥时可以选座
96	怎么取消帮别人选的位置？
3	行李
24	在吗
3	为什么说我姓名和之前不一样
84	你好！我预约值机为啥只能选3个人的座位，我有4个同行人，怎么预约值机？
43	南航国际航班能手机值机么
31	请问从胡志明市到广州白云机场，托运一件行李不超5KG需要出拖运费吗？
3	电子登记牌
17	我的电子发票开错了，需要重新开怎么弄？
122	可以向你查询电子客票号吗？
63	请问平台上购机票是说没有行李免费托运额的，是不是就不能免费托运行李
3	哈尔滨机场的值机柜台在哪
3	人工
3	人共服务
14	飞机上可以带酒吗
23	取消选座
3	能不能取消座位偏好设置
219	如何将航旅纵横推荐给朋友
60	可以提前值机亚洲航空的航班吗
24	好
49	问下为什么我的国际票行程不显示了
174	拍照在哪
219	分享航旅纵横
57	行李额度
160	请问值机后还需要到机场打印登机牌吗？
57	20寸拉杆箱能随身携带上飞机吗
23	取消值机
73	我的航班为什么取消了
5	为什么做不了值机
3	如何查询
24	在？
3	我的行程还有几天
15	添加的朋友电话号码如何修改？
37	青岛航空可以手机值机吗
14	上飞机的时候可以带水果吗
250	如何分享电子登机牌
44	为什么我收到，济南到丽江的航班订票信息？
7	航班未开放选座什么意思？
57	登记行李箱是多少寸
3	航旅纵横能不能在飞行模式下使用
13	开放选座时会给消息提醒吗？
3	95557 NS
3	我的身份信息是以前的号码
3	pro版，如何显示至2011年？
26	怎么为家人选座
3	可以显示那些航空公司
277	怎么看帮别人预约值机的内容
51	安检时间什么意思
74	为什么我用微信授权不能立刻认证
194	航班取消了，我要取消值机
13	我想问下更新过的的航旅纵横如何选座
168	去哪托运行李
